--table insert statments 

INSERT INTO nciproject.bookings (
    booking_id,
    resource_id,
    user_id,
    start_ts,
    end_ts,
    status,
    booking_ref,
    notes,
    creation_date,
    created_by,
    last_update_date,
    last_updated_by,
    checkin
) VALUES ( 72,
           26,
           3,
           TO_TIMESTAMP_TZ('17-NOV-25 20:30:00.000000000 GMT', 'DD-MON-RR HH24:MI:SSXFF TZR'),
           TO_TIMESTAMP_TZ('18-NOV-25 20:30:00.000000000 GMT', 'DD-MON-RR HH24:MI:SSXFF TZR'),
           'CONFIRMED',
           '43D13D10993DBF2DE063265B000A25CE',
           NULL,
           TO_DATE('17-NOV-25', 'DD-MON-RR'),
           '102736082961271705232 (GOOGLE)',
           NULL,
           NULL,
           NULL );

INSERT INTO nciproject.bookings (
    booking_id,
    resource_id,
    user_id,
    start_ts,
    end_ts,
    status,
    booking_ref,
    notes,
    creation_date,
    created_by,
    last_update_date,
    last_updated_by,
    checkin
) VALUES ( 107,
           5,
           8,
           TO_TIMESTAMP_TZ('04-DEC-25 20:30:00.000000000 GMT', 'DD-MON-RR HH24:MI:SSXFF TZR'),
           TO_TIMESTAMP_TZ('04-DEC-25 22:30:00.000000000 GMT', 'DD-MON-RR HH24:MI:SSXFF TZR'),
           'CONFIRMED',
           '45273B5BE495F725E063135B000A2F52',
           NULL,
           TO_DATE('04-DEC-25', 'DD-MON-RR'),
           '102736082961271705232 (GOOGLE)',
           TO_DATE('04-DEC-25', 'DD-MON-RR'),
           '102736082961271705232 (GOOGLE)',
           'Y' );

INSERT INTO nciproject.bookings (
    booking_id,
    resource_id,
    user_id,
    start_ts,
    end_ts,
    status,
    booking_ref,
    notes,
    creation_date,
    created_by,
    last_update_date,
    last_updated_by,
    checkin
) VALUES ( 117,
           13,
           8,
           TO_TIMESTAMP_TZ('10-DEC-25 12:15:00.000000000 GMT', 'DD-MON-RR HH24:MI:SSXFF TZR'),
           TO_TIMESTAMP_TZ('10-DEC-25 15:15:00.000000000 GMT', 'DD-MON-RR HH24:MI:SSXFF TZR'),
           'CANCELLED',
           '4536ECD0DFBAC166E063135B000AE924',
           NULL,
           TO_DATE('05-DEC-25', 'DD-MON-RR'),
           'KOLEARY',
           TO_DATE('06-DEC-25', 'DD-MON-RR'),
           '102736082961271705232 (GOOGLE)',
           NULL );

INSERT INTO nciproject.bookings (
    booking_id,
    resource_id,
    user_id,
    start_ts,
    end_ts,
    status,
    booking_ref,
    notes,
    creation_date,
    created_by,
    last_update_date,
    last_updated_by,
    checkin
) VALUES ( 105,
           1,
           8,
           TO_TIMESTAMP_TZ('01-DEC-25 17:45:00.000000000 GMT', 'DD-MON-RR HH24:MI:SSXFF TZR'),
           TO_TIMESTAMP_TZ('15-DEC-25 17:45:00.000000000 GMT', 'DD-MON-RR HH24:MI:SSXFF TZR'),
           'CONFIRMED',
           '4524D275F8EE9CF6E063135B000A7EC0',
           NULL,
           TO_DATE('04-DEC-25', 'DD-MON-RR'),
           '102736082961271705232 (GOOGLE)',
           NULL,
           NULL,
           NULL );

INSERT INTO nciproject.bookings (
    booking_id,
    resource_id,
    user_id,
    start_ts,
    end_ts,
    status,
    booking_ref,
    notes,
    creation_date,
    created_by,
    last_update_date,
    last_updated_by,
    checkin
) VALUES ( 141,
           56,
           8,
           TO_TIMESTAMP_TZ('08-DEC-25 19:30:00.000000000 GMT', 'DD-MON-RR HH24:MI:SSXFF TZR'),
           TO_TIMESTAMP_TZ('15-DEC-25 19:30:00.000000000 GMT', 'DD-MON-RR HH24:MI:SSXFF TZR'),
           'CONFIRMED',
           '4576E9E7F356F4B3E063135B000ACF8F',
           NULL,
           TO_DATE('08-DEC-25', 'DD-MON-RR'),
           '102736082961271705232 (GOOGLE)',
           TO_DATE('08-DEC-25', 'DD-MON-RR'),
           '102736082961271705232 (GOOGLE)',
           'Y' );

INSERT INTO nciproject.bookings (
    booking_id,
    resource_id,
    user_id,
    start_ts,
    end_ts,
    status,
    booking_ref,
    notes,
    creation_date,
    created_by,
    last_update_date,
    last_updated_by,
    checkin
) VALUES ( 145,
           59,
           8,
           TO_TIMESTAMP_TZ('01-DEC-25 19:45:00.000000000 GMT', 'DD-MON-RR HH24:MI:SSXFF TZR'),
           TO_TIMESTAMP_TZ('08-DEC-25 19:45:00.000000000 GMT', 'DD-MON-RR HH24:MI:SSXFF TZR'),
           'CONFIRMED',
           '45771346A42B2E7EE063135B000AAF1C',
           NULL,
           TO_DATE('08-DEC-25', 'DD-MON-RR'),
           '102736082961271705232 (GOOGLE)',
           TO_DATE('08-DEC-25', 'DD-MON-RR'),
           '102736082961271705232 (GOOGLE)',
           NULL );

INSERT INTO nciproject.bookings (
    booking_id,
    resource_id,
    user_id,
    start_ts,
    end_ts,
    status,
    booking_ref,
    notes,
    creation_date,
    created_by,
    last_update_date,
    last_updated_by,
    checkin
) VALUES ( 140,
           5,
           8,
           TO_TIMESTAMP_TZ('09-DEC-25 19:30:00.000000000 GMT', 'DD-MON-RR HH24:MI:SSXFF TZR'),
           TO_TIMESTAMP_TZ('09-DEC-25 21:30:00.000000000 GMT', 'DD-MON-RR HH24:MI:SSXFF TZR'),
           'CONFIRMED',
           '4576E0F31938F1EAE063135B000A5113',
           NULL,
           TO_DATE('08-DEC-25', 'DD-MON-RR'),
           '102736082961271705232 (GOOGLE)',
           TO_DATE('08-DEC-25', 'DD-MON-RR'),
           '102736082961271705232 (GOOGLE)',
           NULL );

INSERT INTO nciproject.bookings (
    booking_id,
    resource_id,
    user_id,
    start_ts,
    end_ts,
    status,
    booking_ref,
    notes,
    creation_date,
    created_by,
    last_update_date,
    last_updated_by,
    checkin
) VALUES ( 70,
           4,
           3,
           TO_TIMESTAMP_TZ('15-NOV-25 22:00:00.000000000 GMT', 'DD-MON-RR HH24:MI:SSXFF TZR'),
           TO_TIMESTAMP_TZ('17-NOV-25 22:00:00.000000000 GMT', 'DD-MON-RR HH24:MI:SSXFF TZR'),
           'CONFIRMED',
           '43BE56BCDFCBDB54E063265B000A566C',
           NULL,
           TO_DATE('16-NOV-25', 'DD-MON-RR'),
           '102736082961271705232 (GOOGLE)',
           NULL,
           NULL,
           NULL );

INSERT INTO nciproject.bookings (
    booking_id,
    resource_id,
    user_id,
    start_ts,
    end_ts,
    status,
    booking_ref,
    notes,
    creation_date,
    created_by,
    last_update_date,
    last_updated_by,
    checkin
) VALUES ( 73,
           5,
           3,
           TO_TIMESTAMP_TZ('17-NOV-25 20:45:00.000000000 GMT', 'DD-MON-RR HH24:MI:SSXFF TZR'),
           TO_TIMESTAMP_TZ('18-NOV-25 20:45:00.000000000 GMT', 'DD-MON-RR HH24:MI:SSXFF TZR'),
           'CONFIRMED',
           '43D18252178D0956E063265B000A97EE',
           NULL,
           TO_DATE('17-NOV-25', 'DD-MON-RR'),
           '102736082961271705232 (GOOGLE)',
           NULL,
           NULL,
           NULL );

INSERT INTO nciproject.bookings (
    booking_id,
    resource_id,
    user_id,
    start_ts,
    end_ts,
    status,
    booking_ref,
    notes,
    creation_date,
    created_by,
    last_update_date,
    last_updated_by,
    checkin
) VALUES ( 94,
           5,
           8,
           TO_TIMESTAMP_TZ('30-NOV-25 11:45:00.000000000 GMT', 'DD-MON-RR HH24:MI:SSXFF TZR'),
           TO_TIMESTAMP_TZ('30-NOV-25 11:50:00.000000000 GMT', 'DD-MON-RR HH24:MI:SSXFF TZR'),
           'CONFIRMED',
           '44A710F2F61B2414E063135B000AAF70',
           NULL,
           TO_DATE('28-NOV-25', 'DD-MON-RR'),
           '102736082961271705232 (GOOGLE)',
           NULL,
           NULL,
           NULL );

INSERT INTO nciproject.bookings (
    booking_id,
    resource_id,
    user_id,
    start_ts,
    end_ts,
    status,
    booking_ref,
    notes,
    creation_date,
    created_by,
    last_update_date,
    last_updated_by,
    checkin
) VALUES ( 59,
           15,
           3,
           TO_TIMESTAMP_TZ('14-NOV-25 22:15:00.000000000 GMT', 'DD-MON-RR HH24:MI:SSXFF TZR'),
           TO_TIMESTAMP_TZ('14-NOV-25 22:30:00.000000000 GMT', 'DD-MON-RR HH24:MI:SSXFF TZR'),
           'CONFIRMED',
           '43964F636DC1DF8AE063265B000AA606',
           NULL,
           TO_DATE('14-NOV-25', 'DD-MON-RR'),
           '102736082961271705232 (GOOGLE)',
           NULL,
           NULL,
           NULL );

INSERT INTO nciproject.bookings (
    booking_id,
    resource_id,
    user_id,
    start_ts,
    end_ts,
    status,
    booking_ref,
    notes,
    creation_date,
    created_by,
    last_update_date,
    last_updated_by,
    checkin
) VALUES ( 67,
           9,
           3,
           TO_TIMESTAMP_TZ('02-NOV-25 21:45:00.000000000 GMT', 'DD-MON-RR HH24:MI:SSXFF TZR'),
           TO_TIMESTAMP_TZ('27-NOV-25 21:45:00.000000000 GMT', 'DD-MON-RR HH24:MI:SSXFF TZR'),
           'CONFIRMED',
           '43BE35F4DE32D52BE063265B000A0186',
           NULL,
           TO_DATE('16-NOV-25', 'DD-MON-RR'),
           '102736082961271705232 (GOOGLE)',
           NULL,
           NULL,
           NULL );

INSERT INTO nciproject.bookings (
    booking_id,
    resource_id,
    user_id,
    start_ts,
    end_ts,
    status,
    booking_ref,
    notes,
    creation_date,
    created_by,
    last_update_date,
    last_updated_by,
    checkin
) VALUES ( 84,
           5,
           8,
           TO_TIMESTAMP_TZ('30-NOV-25 10:45:00.000000000 GMT', 'DD-MON-RR HH24:MI:SSXFF TZR'),
           TO_TIMESTAMP_TZ('30-NOV-25 11:45:00.000000000 GMT', 'DD-MON-RR HH24:MI:SSXFF TZR'),
           'CONFIRMED',
           '44A668BB08C27B30E063135B000AA770',
           'test',
           TO_DATE('28-NOV-25', 'DD-MON-RR'),
           '102736082961271705232 (GOOGLE)',
           NULL,
           NULL,
           NULL );

INSERT INTO nciproject.bookings (
    booking_id,
    resource_id,
    user_id,
    start_ts,
    end_ts,
    status,
    booking_ref,
    notes,
    creation_date,
    created_by,
    last_update_date,
    last_updated_by,
    checkin
) VALUES ( 104,
           4,
           8,
           TO_TIMESTAMP_TZ('01-DEC-25 21:45:00.000000000 GMT', 'DD-MON-RR HH24:MI:SSXFF TZR'),
           TO_TIMESTAMP_TZ('22-DEC-25 21:45:00.000000000 GMT', 'DD-MON-RR HH24:MI:SSXFF TZR'),
           'CONFIRMED',
           '44EBE3ACAF8498D4E063135B000A5D56',
           NULL,
           TO_DATE('01-DEC-25', 'DD-MON-RR'),
           '102736082961271705232 (GOOGLE)',
           TO_DATE('01-DEC-25', 'DD-MON-RR'),
           '102736082961271705232 (GOOGLE)',
           NULL );

INSERT INTO nciproject.bookings (
    booking_id,
    resource_id,
    user_id,
    start_ts,
    end_ts,
    status,
    booking_ref,
    notes,
    creation_date,
    created_by,
    last_update_date,
    last_updated_by,
    checkin
) VALUES ( 125,
           6,
           18,
           TO_TIMESTAMP_TZ('09-DEC-25 16:30:00.000000000 GMT', 'DD-MON-RR HH24:MI:SSXFF TZR'),
           TO_TIMESTAMP_TZ('17-DEC-25 16:30:00.000000000 GMT', 'DD-MON-RR HH24:MI:SSXFF TZR'),
           'CONFIRMED',
           '4574494836229071E063135B000A7DA6',
           'UAT test',
           TO_DATE('08-DEC-25', 'DD-MON-RR'),
           '108280139330143250844 (GOOGLE)',
           NULL,
           NULL,
           NULL );

INSERT INTO nciproject.bookings (
    booking_id,
    resource_id,
    user_id,
    start_ts,
    end_ts,
    status,
    booking_ref,
    notes,
    creation_date,
    created_by,
    last_update_date,
    last_updated_by,
    checkin
) VALUES ( 98,
           4,
           8,
           TO_TIMESTAMP_TZ('28-NOV-25 14:45:00.000000000 GMT', 'DD-MON-RR HH24:MI:SSXFF TZR'),
           TO_TIMESTAMP_TZ('28-NOV-25 14:46:00.000000000 GMT', 'DD-MON-RR HH24:MI:SSXFF TZR'),
           'CONFIRMED',
           '44A74E6096D849D2E063135B000AF956',
           NULL,
           TO_DATE('28-NOV-25', 'DD-MON-RR'),
           '102736082961271705232 (GOOGLE)',
           NULL,
           NULL,
           NULL );

INSERT INTO nciproject.bookings (
    booking_id,
    resource_id,
    user_id,
    start_ts,
    end_ts,
    status,
    booking_ref,
    notes,
    creation_date,
    created_by,
    last_update_date,
    last_updated_by,
    checkin
) VALUES ( 111,
           1,
           8,
           TO_TIMESTAMP_TZ('24-DEC-25 00:15:00.000000000 GMT', 'DD-MON-RR HH24:MI:SSXFF TZR'),
           TO_TIMESTAMP_TZ('25-DEC-25 00:15:00.000000000 GMT', 'DD-MON-RR HH24:MI:SSXFF TZR'),
           'CONFIRMED',
           '452A49196D14BCE5E063135B000A2A17',
           NULL,
           TO_DATE('05-DEC-25', 'DD-MON-RR'),
           '102736082961271705232 (GOOGLE)',
           NULL,
           NULL,
           NULL );

INSERT INTO nciproject.bookings (
    booking_id,
    resource_id,
    user_id,
    start_ts,
    end_ts,
    status,
    booking_ref,
    notes,
    creation_date,
    created_by,
    last_update_date,
    last_updated_by,
    checkin
) VALUES ( 113,
           1,
           8,
           TO_TIMESTAMP_TZ('01-JAN-26 00:15:00.000000000 GMT', 'DD-MON-RR HH24:MI:SSXFF TZR'),
           TO_TIMESTAMP_TZ('02-JAN-26 00:15:00.000000000 GMT', 'DD-MON-RR HH24:MI:SSXFF TZR'),
           'CONFIRMED',
           '452A49196D15BCE5E063135B000A2A17',
           NULL,
           TO_DATE('05-DEC-25', 'DD-MON-RR'),
           '102736082961271705232 (GOOGLE)',
           NULL,
           NULL,
           NULL );

INSERT INTO nciproject.bookings (
    booking_id,
    resource_id,
    user_id,
    start_ts,
    end_ts,
    status,
    booking_ref,
    notes,
    creation_date,
    created_by,
    last_update_date,
    last_updated_by,
    checkin
) VALUES ( 122,
           8,
           8,
           TO_TIMESTAMP_TZ('05-DEC-25 20:00:00.000000000 GMT', 'DD-MON-RR HH24:MI:SSXFF TZR'),
           TO_TIMESTAMP_TZ('06-DEC-25 20:15:00.000000000 GMT', 'DD-MON-RR HH24:MI:SSXFF TZR'),
           'CONFIRMED',
           '453B0955E777937DE063135B000A60EC',
           NULL,
           TO_DATE('05-DEC-25', 'DD-MON-RR'),
           '102736082961271705232 (GOOGLE)',
           TO_DATE('05-DEC-25', 'DD-MON-RR'),
           '102736082961271705232 (GOOGLE)',
           'Y' );

INSERT INTO nciproject.bookings (
    booking_id,
    resource_id,
    user_id,
    start_ts,
    end_ts,
    status,
    booking_ref,
    notes,
    creation_date,
    created_by,
    last_update_date,
    last_updated_by,
    checkin
) VALUES ( 143,
           18,
           10,
           TO_TIMESTAMP_TZ('08-DEC-25 19:45:00.000000000 GMT', 'DD-MON-RR HH24:MI:SSXFF TZR'),
           TO_TIMESTAMP_TZ('08-DEC-25 21:45:00.000000000 GMT', 'DD-MON-RR HH24:MI:SSXFF TZR'),
           'CONFIRMED',
           '457707FBE778241CE063135B000A49E7',
           NULL,
           TO_DATE('08-DEC-25', 'DD-MON-RR'),
           'KOLEARY',
           TO_DATE('08-DEC-25', 'DD-MON-RR'),
           'KOLEARY',
           'Y' );

INSERT INTO nciproject.bookings (
    booking_id,
    resource_id,
    user_id,
    start_ts,
    end_ts,
    status,
    booking_ref,
    notes,
    creation_date,
    created_by,
    last_update_date,
    last_updated_by,
    checkin
) VALUES ( 78,
           3,
           3,
           TO_TIMESTAMP_TZ('24-NOV-25 21:15:00.000000000 GMT', 'DD-MON-RR HH24:MI:SSXFF TZR'),
           TO_TIMESTAMP_TZ('25-NOV-25 21:15:00.000000000 GMT', 'DD-MON-RR HH24:MI:SSXFF TZR'),
           'CONFIRMED',
           '43D1EC7536958D95E063265B000AC1A8',
           NULL,
           TO_DATE('17-NOV-25', 'DD-MON-RR'),
           '102736082961271705232 (GOOGLE)',
           NULL,
           NULL,
           NULL );

INSERT INTO nciproject.bookings (
    booking_id,
    resource_id,
    user_id,
    start_ts,
    end_ts,
    status,
    booking_ref,
    notes,
    creation_date,
    created_by,
    last_update_date,
    last_updated_by,
    checkin
) VALUES ( 79,
           7,
           3,
           TO_TIMESTAMP_TZ('17-NOV-25 21:15:00.000000000 GMT', 'DD-MON-RR HH24:MI:SSXFF TZR'),
           TO_TIMESTAMP_TZ('18-NOV-25 21:15:00.000000000 GMT', 'DD-MON-RR HH24:MI:SSXFF TZR'),
           'CONFIRMED',
           '43D1EC7536968D95E063265B000AC1A8',
           NULL,
           TO_DATE('17-NOV-25', 'DD-MON-RR'),
           '102736082961271705232 (GOOGLE)',
           NULL,
           NULL,
           NULL );

INSERT INTO nciproject.bookings (
    booking_id,
    resource_id,
    user_id,
    start_ts,
    end_ts,
    status,
    booking_ref,
    notes,
    creation_date,
    created_by,
    last_update_date,
    last_updated_by,
    checkin
) VALUES ( 82,
           6,
           8,
           TO_TIMESTAMP_TZ('28-NOV-25 10:30:00.000000000 GMT', 'DD-MON-RR HH24:MI:SSXFF TZR'),
           TO_TIMESTAMP_TZ('29-NOV-25 10:30:00.000000000 GMT', 'DD-MON-RR HH24:MI:SSXFF TZR'),
           'CONFIRMED',
           '44A62EC688DE47E1E063135B000AA6CD',
           NULL,
           TO_DATE('28-NOV-25', 'DD-MON-RR'),
           '102736082961271705232 (GOOGLE)',
           NULL,
           NULL,
           NULL );

INSERT INTO nciproject.bookings (
    booking_id,
    resource_id,
    user_id,
    start_ts,
    end_ts,
    status,
    booking_ref,
    notes,
    creation_date,
    created_by,
    last_update_date,
    last_updated_by,
    checkin
) VALUES ( 110,
           1,
           8,
           TO_TIMESTAMP_TZ('22-DEC-25 00:00:00.000000000 GMT', 'DD-MON-RR HH24:MI:SSXFF TZR'),
           TO_TIMESTAMP_TZ('23-DEC-25 00:00:00.000000000 GMT', 'DD-MON-RR HH24:MI:SSXFF TZR'),
           'CONFIRMED',
           '452A37F71E42C027E063135B000A5E1E',
           NULL,
           TO_DATE('05-DEC-25', 'DD-MON-RR'),
           '102736082961271705232 (GOOGLE)',
           NULL,
           NULL,
           NULL );

INSERT INTO nciproject.bookings (
    booking_id,
    resource_id,
    user_id,
    start_ts,
    end_ts,
    status,
    booking_ref,
    notes,
    creation_date,
    created_by,
    last_update_date,
    last_updated_by,
    checkin
) VALUES ( 118,
           2,
           10,
           TO_TIMESTAMP_TZ('08-DEC-25 15:15:00.000000000 GMT', 'DD-MON-RR HH24:MI:SSXFF TZR'),
           TO_TIMESTAMP_TZ('08-DEC-25 15:45:00.000000000 GMT', 'DD-MON-RR HH24:MI:SSXFF TZR'),
           'CONFIRMED',
           '4536F9557BEBD781E063135B000AE016',
           NULL,
           TO_DATE('05-DEC-25', 'DD-MON-RR'),
           'KOLEARY',
           NULL,
           NULL,
           NULL );

INSERT INTO nciproject.bookings (
    booking_id,
    resource_id,
    user_id,
    start_ts,
    end_ts,
    status,
    booking_ref,
    notes,
    creation_date,
    created_by,
    last_update_date,
    last_updated_by,
    checkin
) VALUES ( 74,
           25,
           3,
           TO_TIMESTAMP_TZ('16-NOV-25 21:00:00.000000000 GMT', 'DD-MON-RR HH24:MI:SSXFF TZR'),
           TO_TIMESTAMP_TZ('17-NOV-25 21:15:00.000000000 GMT', 'DD-MON-RR HH24:MI:SSXFF TZR'),
           'CONFIRMED',
           '43D19CE96BCC2F24E063265B000AEF5D',
           NULL,
           TO_DATE('17-NOV-25', 'DD-MON-RR'),
           '102736082961271705232 (GOOGLE)',
           NULL,
           NULL,
           NULL );

INSERT INTO nciproject.bookings (
    booking_id,
    resource_id,
    user_id,
    start_ts,
    end_ts,
    status,
    booking_ref,
    notes,
    creation_date,
    created_by,
    last_update_date,
    last_updated_by,
    checkin
) VALUES ( 99,
           18,
           8,
           TO_TIMESTAMP_TZ('28-NOV-25 12:00:00.000000000 GMT', 'DD-MON-RR HH24:MI:SSXFF TZR'),
           TO_TIMESTAMP_TZ('29-NOV-25 12:00:00.000000000 GMT', 'DD-MON-RR HH24:MI:SSXFF TZR'),
           'CONFIRMED',
           '44A75547201749D7E063135B000A73FF',
           NULL,
           TO_DATE('28-NOV-25', 'DD-MON-RR'),
           '102736082961271705232 (GOOGLE)',
           NULL,
           NULL,
           NULL );

INSERT INTO nciproject.bookings (
    booking_id,
    resource_id,
    user_id,
    start_ts,
    end_ts,
    status,
    booking_ref,
    notes,
    creation_date,
    created_by,
    last_update_date,
    last_updated_by,
    checkin
) VALUES ( 100,
           19,
           8,
           TO_TIMESTAMP_TZ('28-NOV-25 12:00:00.000000000 GMT', 'DD-MON-RR HH24:MI:SSXFF TZR'),
           TO_TIMESTAMP_TZ('28-NOV-25 13:00:00.000000000 GMT', 'DD-MON-RR HH24:MI:SSXFF TZR'),
           'CONFIRMED',
           '44A76351A20071B7E063135B000AFA3B',
           NULL,
           TO_DATE('28-NOV-25', 'DD-MON-RR'),
           '102736082961271705232 (GOOGLE)',
           NULL,
           NULL,
           NULL );

INSERT INTO nciproject.bookings (
    booking_id,
    resource_id,
    user_id,
    start_ts,
    end_ts,
    status,
    booking_ref,
    notes,
    creation_date,
    created_by,
    last_update_date,
    last_updated_by,
    checkin
) VALUES ( 102,
           21,
           8,
           TO_TIMESTAMP_TZ('28-NOV-25 12:00:00.000000000 GMT', 'DD-MON-RR HH24:MI:SSXFF TZR'),
           TO_TIMESTAMP_TZ('28-NOV-25 13:00:00.000000000 GMT', 'DD-MON-RR HH24:MI:SSXFF TZR'),
           'CONFIRMED',
           '44A77B3453E883BDE063135B000A0244',
           NULL,
           TO_DATE('28-NOV-25', 'DD-MON-RR'),
           '102736082961271705232 (GOOGLE)',
           NULL,
           NULL,
           NULL );

INSERT INTO nciproject.bookings (
    booking_id,
    resource_id,
    user_id,
    start_ts,
    end_ts,
    status,
    booking_ref,
    notes,
    creation_date,
    created_by,
    last_update_date,
    last_updated_by,
    checkin
) VALUES ( 109,
           6,
           8,
           TO_TIMESTAMP_TZ('04-DEC-25 20:45:00.000000000 GMT', 'DD-MON-RR HH24:MI:SSXFF TZR'),
           TO_TIMESTAMP_TZ('04-DEC-25 21:45:00.000000000 GMT', 'DD-MON-RR HH24:MI:SSXFF TZR'),
           'CANCELLED',
           '45277D53B6964037E063135B000A2B4F',
           NULL,
           TO_DATE('04-DEC-25', 'DD-MON-RR'),
           '102736082961271705232 (GOOGLE)',
           TO_DATE('04-DEC-25', 'DD-MON-RR'),
           '102736082961271705232 (GOOGLE)',
           NULL );

INSERT INTO nciproject.bookings (
    booking_id,
    resource_id,
    user_id,
    start_ts,
    end_ts,
    status,
    booking_ref,
    notes,
    creation_date,
    created_by,
    last_update_date,
    last_updated_by,
    checkin
) VALUES ( 139,
           37,
           10,
           TO_TIMESTAMP_TZ('10-DEC-25 18:00:00.000000000 GMT', 'DD-MON-RR HH24:MI:SSXFF TZR'),
           TO_TIMESTAMP_TZ('19-DEC-25 19:00:00.000000000 GMT', 'DD-MON-RR HH24:MI:SSXFF TZR'),
           'CONFIRMED',
           '4575996763CDC3B4E063135B000AE2A5',
           'test',
           TO_DATE('08-DEC-25', 'DD-MON-RR'),
           'KOLEARY',
           TO_DATE('08-DEC-25', 'DD-MON-RR'),
           'KOLEARY',
           NULL );

INSERT INTO nciproject.bookings (
    booking_id,
    resource_id,
    user_id,
    start_ts,
    end_ts,
    status,
    booking_ref,
    notes,
    creation_date,
    created_by,
    last_update_date,
    last_updated_by,
    checkin
) VALUES ( 142,
           11,
           10,
           TO_TIMESTAMP_TZ('11-DEC-25 10:00:00.000000000 GMT', 'DD-MON-RR HH24:MI:SSXFF TZR'),
           TO_TIMESTAMP_TZ('11-DEC-25 19:00:00.000000000 GMT', 'DD-MON-RR HH24:MI:SSXFF TZR'),
           'CONFIRMED',
           '45770582A3A023B1E063135B000AE4EE',
           NULL,
           TO_DATE('08-DEC-25', 'DD-MON-RR'),
           'KOLEARY',
           NULL,
           NULL,
           NULL );

INSERT INTO nciproject.bookings (
    booking_id,
    resource_id,
    user_id,
    start_ts,
    end_ts,
    status,
    booking_ref,
    notes,
    creation_date,
    created_by,
    last_update_date,
    last_updated_by,
    checkin
) VALUES ( 63,
           2,
           3,
           TO_TIMESTAMP_TZ('28-NOV-25 22:15:00.000000000 GMT', 'DD-MON-RR HH24:MI:SSXFF TZR'),
           TO_TIMESTAMP_TZ('29-NOV-25 22:15:00.000000000 GMT', 'DD-MON-RR HH24:MI:SSXFF TZR'),
           'CONFIRMED',
           '4396547E7661D8D2E063265B000A588C',
           NULL,
           TO_DATE('14-NOV-25', 'DD-MON-RR'),
           '102736082961271705232 (GOOGLE)',
           NULL,
           NULL,
           NULL );

INSERT INTO nciproject.bookings (
    booking_id,
    resource_id,
    user_id,
    start_ts,
    end_ts,
    status,
    booking_ref,
    notes,
    creation_date,
    created_by,
    last_update_date,
    last_updated_by,
    checkin
) VALUES ( 65,
           2,
           3,
           TO_TIMESTAMP_TZ('14-NOV-25 22:15:00.000000000 GMT', 'DD-MON-RR HH24:MI:SSXFF TZR'),
           TO_TIMESTAMP_TZ('30-NOV-25 23:15:00.000000000 GMT', 'DD-MON-RR HH24:MI:SSXFF TZR'),
           'CONFIRMED',
           '439663422B3AE2DAE063265B000A2885',
           NULL,
           TO_DATE('14-NOV-25', 'DD-MON-RR'),
           '102736082961271705232 (GOOGLE)',
           NULL,
           NULL,
           NULL );

INSERT INTO nciproject.bookings (
    booking_id,
    resource_id,
    user_id,
    start_ts,
    end_ts,
    status,
    booking_ref,
    notes,
    creation_date,
    created_by,
    last_update_date,
    last_updated_by,
    checkin
) VALUES ( 66,
           22,
           3,
           TO_TIMESTAMP_TZ('16-NOV-25 21:15:00.000000000 GMT', 'DD-MON-RR HH24:MI:SSXFF TZR'),
           TO_TIMESTAMP_TZ('30-NOV-25 21:15:00.000000000 GMT', 'DD-MON-RR HH24:MI:SSXFF TZR'),
           'CONFIRMED',
           '43BDD577914963C2E063265B000AE747',
           NULL,
           TO_DATE('16-NOV-25', 'DD-MON-RR'),
           '102736082961271705232 (GOOGLE)',
           NULL,
           NULL,
           NULL );

INSERT INTO nciproject.bookings (
    booking_id,
    resource_id,
    user_id,
    start_ts,
    end_ts,
    status,
    booking_ref,
    notes,
    creation_date,
    created_by,
    last_update_date,
    last_updated_by,
    checkin
) VALUES ( 68,
           13,
           3,
           TO_TIMESTAMP_TZ('05-NOV-25 22:00:00.000000000 GMT', 'DD-MON-RR HH24:MI:SSXFF TZR'),
           TO_TIMESTAMP_TZ('27-NOV-25 22:00:00.000000000 GMT', 'DD-MON-RR HH24:MI:SSXFF TZR'),
           'CONFIRMED',
           '43BE46851537D6E9E063265B000AF325',
           NULL,
           TO_DATE('16-NOV-25', 'DD-MON-RR'),
           '102736082961271705232 (GOOGLE)',
           NULL,
           NULL,
           NULL );

INSERT INTO nciproject.bookings (
    booking_id,
    resource_id,
    user_id,
    start_ts,
    end_ts,
    status,
    booking_ref,
    notes,
    creation_date,
    created_by,
    last_update_date,
    last_updated_by,
    checkin
) VALUES ( 90,
           5,
           8,
           TO_TIMESTAMP_TZ('28-NOV-25 11:30:00.000000000 GMT', 'DD-MON-RR HH24:MI:SSXFF TZR'),
           TO_TIMESTAMP_TZ('29-NOV-25 11:30:00.000000000 GMT', 'DD-MON-RR HH24:MI:SSXFF TZR'),
           'CONFIRMED',
           '44A7061832E6125EE063135B000A2C3F',
           NULL,
           TO_DATE('28-NOV-25', 'DD-MON-RR'),
           '102736082961271705232 (GOOGLE)',
           NULL,
           NULL,
           NULL );

INSERT INTO nciproject.bookings (
    booking_id,
    resource_id,
    user_id,
    start_ts,
    end_ts,
    status,
    booking_ref,
    notes,
    creation_date,
    created_by,
    last_update_date,
    last_updated_by,
    checkin
) VALUES ( 114,
           1,
           8,
           TO_TIMESTAMP_TZ('03-JAN-26 00:15:00.000000000 GMT', 'DD-MON-RR HH24:MI:SSXFF TZR'),
           TO_TIMESTAMP_TZ('04-JAN-26 00:15:00.000000000 GMT', 'DD-MON-RR HH24:MI:SSXFF TZR'),
           'CONFIRMED',
           '452A718B4E08F32BE063135B000A546A',
           NULL,
           TO_DATE('05-DEC-25', 'DD-MON-RR'),
           '102736082961271705232 (GOOGLE)',
           TO_DATE('05-DEC-25', 'DD-MON-RR'),
           '102736082961271705232 (GOOGLE)',
           NULL );

INSERT INTO nciproject.bookings (
    booking_id,
    resource_id,
    user_id,
    start_ts,
    end_ts,
    status,
    booking_ref,
    notes,
    creation_date,
    created_by,
    last_update_date,
    last_updated_by,
    checkin
) VALUES ( 54,
           12,
           3,
           TO_TIMESTAMP_TZ('14-NOV-25 22:00:00.000000000 GMT', 'DD-MON-RR HH24:MI:SSXFF TZR'),
           TO_TIMESTAMP_TZ('14-NOV-25 23:00:00.000000000 GMT', 'DD-MON-RR HH24:MI:SSXFF TZR'),
           'CONFIRMED',
           '43963F9957C4CBB6E063265B000A3193',
           NULL,
           TO_DATE('14-NOV-25', 'DD-MON-RR'),
           '102736082961271705232 (GOOGLE)',
           NULL,
           NULL,
           NULL );

INSERT INTO nciproject.bookings (
    booking_id,
    resource_id,
    user_id,
    start_ts,
    end_ts,
    status,
    booking_ref,
    notes,
    creation_date,
    created_by,
    last_update_date,
    last_updated_by,
    checkin
) VALUES ( 64,
           2,
           3,
           TO_TIMESTAMP_TZ('14-NOV-25 22:15:00.000000000 GMT', 'DD-MON-RR HH24:MI:SSXFF TZR'),
           TO_TIMESTAMP_TZ('14-NOV-25 23:15:00.000000000 GMT', 'DD-MON-RR HH24:MI:SSXFF TZR'),
           'CONFIRMED',
           '43963F9957C6CBB6E063265B000A3193',
           NULL,
           TO_DATE('14-NOV-25', 'DD-MON-RR'),
           '102736082961271705232 (GOOGLE)',
           NULL,
           NULL,
           NULL );

INSERT INTO nciproject.bookings (
    booking_id,
    resource_id,
    user_id,
    start_ts,
    end_ts,
    status,
    booking_ref,
    notes,
    creation_date,
    created_by,
    last_update_date,
    last_updated_by,
    checkin
) VALUES ( 115,
           17,
           10,
           TO_TIMESTAMP_TZ('05-DEC-25 15:00:00.000000000 GMT', 'DD-MON-RR HH24:MI:SSXFF TZR'),
           TO_TIMESTAMP_TZ('05-DEC-25 16:00:00.000000000 GMT', 'DD-MON-RR HH24:MI:SSXFF TZR'),
           'CONFIRMED',
           '4536D3CD2B2A9DF0E063135B000A4FA3',
           NULL,
           TO_DATE('05-DEC-25', 'DD-MON-RR'),
           'KOLEARY',
           TO_DATE('05-DEC-25', 'DD-MON-RR'),
           'KOLEARY',
           'Y' );

INSERT INTO nciproject.bookings (
    booking_id,
    resource_id,
    user_id,
    start_ts,
    end_ts,
    status,
    booking_ref,
    notes,
    creation_date,
    created_by,
    last_update_date,
    last_updated_by,
    checkin
) VALUES ( 123,
           23,
           8,
           TO_TIMESTAMP_TZ('08-DEC-25 21:00:00.000000000 GMT', 'DD-MON-RR HH24:MI:SSXFF TZR'),
           TO_TIMESTAMP_TZ('09-DEC-25 21:00:00.000000000 GMT', 'DD-MON-RR HH24:MI:SSXFF TZR'),
           'CONFIRMED',
           '4563EF5C66751945E063135B000A5F2B',
           'yugui',
           TO_DATE('07-DEC-25', 'DD-MON-RR'),
           '102736082961271705232 (GOOGLE)',
           NULL,
           NULL,
           NULL );

INSERT INTO nciproject.bookings (
    booking_id,
    resource_id,
    user_id,
    start_ts,
    end_ts,
    status,
    booking_ref,
    notes,
    creation_date,
    created_by,
    last_update_date,
    last_updated_by,
    checkin
) VALUES ( 144,
           59,
           8,
           TO_TIMESTAMP_TZ('09-DEC-25 19:45:00.000000000 GMT', 'DD-MON-RR HH24:MI:SSXFF TZR'),
           TO_TIMESTAMP_TZ('16-DEC-25 19:45:00.000000000 GMT', 'DD-MON-RR HH24:MI:SSXFF TZR'),
           'CONFIRMED',
           '457708AFC69B2030E063135B000A71BA',
           NULL,
           TO_DATE('08-DEC-25', 'DD-MON-RR'),
           '102736082961271705232 (GOOGLE)',
           TO_DATE('08-DEC-25', 'DD-MON-RR'),
           '102736082961271705232 (GOOGLE)',
           NULL );

INSERT INTO nciproject.bookings (
    booking_id,
    resource_id,
    user_id,
    start_ts,
    end_ts,
    status,
    booking_ref,
    notes,
    creation_date,
    created_by,
    last_update_date,
    last_updated_by,
    checkin
) VALUES ( 47,
           12,
           3,
           TO_TIMESTAMP_TZ('16-NOV-25 07:00:00.000000000 GMT', 'DD-MON-RR HH24:MI:SSXFF TZR'),
           TO_TIMESTAMP_TZ('16-NOV-25 10:00:00.000000000 GMT', 'DD-MON-RR HH24:MI:SSXFF TZR'),
           'CONFIRMED',
           '439615B506598AE4E063265B000ADA23',
           NULL,
           TO_DATE('14-NOV-25', 'DD-MON-RR'),
           '102736082961271705232 (GOOGLE)',
           NULL,
           NULL,
           NULL );

INSERT INTO nciproject.bookings (
    booking_id,
    resource_id,
    user_id,
    start_ts,
    end_ts,
    status,
    booking_ref,
    notes,
    creation_date,
    created_by,
    last_update_date,
    last_updated_by,
    checkin
) VALUES ( 85,
           9,
           8,
           TO_TIMESTAMP_TZ('28-NOV-25 11:00:00.000000000 GMT', 'DD-MON-RR HH24:MI:SSXFF TZR'),
           TO_TIMESTAMP_TZ('28-NOV-25 12:00:00.000000000 GMT', 'DD-MON-RR HH24:MI:SSXFF TZR'),
           'CONFIRMED',
           '44A6719272318175E063135B000A7135',
           'qew',
           TO_DATE('28-NOV-25', 'DD-MON-RR'),
           '102736082961271705232 (GOOGLE)',
           NULL,
           NULL,
           NULL );

INSERT INTO nciproject.bookings (
    booking_id,
    resource_id,
    user_id,
    start_ts,
    end_ts,
    status,
    booking_ref,
    notes,
    creation_date,
    created_by,
    last_update_date,
    last_updated_by,
    checkin
) VALUES ( 86,
           5,
           8,
           TO_TIMESTAMP_TZ('28-NOV-25 11:00:00.000000000 GMT', 'DD-MON-RR HH24:MI:SSXFF TZR'),
           TO_TIMESTAMP_TZ('28-NOV-25 11:15:00.000000000 GMT', 'DD-MON-RR HH24:MI:SSXFF TZR'),
           'CONFIRMED',
           '44A68085EEB37B88E063135B000AFD5E',
           NULL,
           TO_DATE('28-NOV-25', 'DD-MON-RR'),
           '102736082961271705232 (GOOGLE)',
           NULL,
           NULL,
           NULL );

INSERT INTO nciproject.bookings (
    booking_id,
    resource_id,
    user_id,
    start_ts,
    end_ts,
    status,
    booking_ref,
    notes,
    creation_date,
    created_by,
    last_update_date,
    last_updated_by,
    checkin
) VALUES ( 95,
           4,
           8,
           TO_TIMESTAMP_TZ('28-NOV-25 12:45:00.000000000 GMT', 'DD-MON-RR HH24:MI:SSXFF TZR'),
           TO_TIMESTAMP_TZ('28-NOV-25 13:45:00.000000000 GMT', 'DD-MON-RR HH24:MI:SSXFF TZR'),
           'CONFIRMED',
           '44A73CA913224C1FE063135B000A253C',
           NULL,
           TO_DATE('28-NOV-25', 'DD-MON-RR'),
           '102736082961271705232 (GOOGLE)',
           NULL,
           NULL,
           NULL );

INSERT INTO nciproject.bookings (
    booking_id,
    resource_id,
    user_id,
    start_ts,
    end_ts,
    status,
    booking_ref,
    notes,
    creation_date,
    created_by,
    last_update_date,
    last_updated_by,
    checkin
) VALUES ( 81,
           3,
           8,
           TO_TIMESTAMP_TZ('27-NOV-25 10:30:00.000000000 GMT', 'DD-MON-RR HH24:MI:SSXFF TZR'),
           TO_TIMESTAMP_TZ('29-NOV-25 10:30:00.000000000 GMT', 'DD-MON-RR HH24:MI:SSXFF TZR'),
           'CONFIRMED',
           '44A60A1F7A941F77E063135B000AE64A',
           NULL,
           TO_DATE('28-NOV-25', 'DD-MON-RR'),
           '102736082961271705232 (GOOGLE)',
           NULL,
           NULL,
           NULL );

INSERT INTO nciproject.bookings (
    booking_id,
    resource_id,
    user_id,
    start_ts,
    end_ts,
    status,
    booking_ref,
    notes,
    creation_date,
    created_by,
    last_update_date,
    last_updated_by,
    checkin
) VALUES ( 106,
           9,
           8,
           TO_TIMESTAMP_TZ('04-DEC-25 20:30:00.000000000 GMT', 'DD-MON-RR HH24:MI:SSXFF TZR'),
           TO_TIMESTAMP_TZ('04-DEC-25 22:30:00.000000000 GMT', 'DD-MON-RR HH24:MI:SSXFF TZR'),
           'CONFIRMED',
           '45272CC0A1B5F891E063135B000A1CCE',
           NULL,
           TO_DATE('04-DEC-25', 'DD-MON-RR'),
           '102736082961271705232 (GOOGLE)',
           NULL,
           NULL,
           NULL );

INSERT INTO nciproject.bookings (
    booking_id,
    resource_id,
    user_id,
    start_ts,
    end_ts,
    status,
    booking_ref,
    notes,
    creation_date,
    created_by,
    last_update_date,
    last_updated_by,
    checkin
) VALUES ( 69,
           3,
           3,
           TO_TIMESTAMP_TZ('15-NOV-25 22:00:00.000000000 GMT', 'DD-MON-RR HH24:MI:SSXFF TZR'),
           TO_TIMESTAMP_TZ('17-NOV-25 22:00:00.000000000 GMT', 'DD-MON-RR HH24:MI:SSXFF TZR'),
           'CONFIRMED',
           '43BE4B532572B3B1E063265B000A3427',
           NULL,
           TO_DATE('16-NOV-25', 'DD-MON-RR'),
           '102736082961271705232 (GOOGLE)',
           NULL,
           NULL,
           NULL );

INSERT INTO nciproject.bookings (
    booking_id,
    resource_id,
    user_id,
    start_ts,
    end_ts,
    status,
    booking_ref,
    notes,
    creation_date,
    created_by,
    last_update_date,
    last_updated_by,
    checkin
) VALUES ( 83,
           4,
           8,
           TO_TIMESTAMP_TZ('28-NOV-25 10:30:00.000000000 GMT', 'DD-MON-RR HH24:MI:SSXFF TZR'),
           TO_TIMESTAMP_TZ('28-NOV-25 10:45:00.000000000 GMT', 'DD-MON-RR HH24:MI:SSXFF TZR'),
           'CONFIRMED',
           '44A6382BC0D24EA3E063135B000A35F0',
           NULL,
           TO_DATE('28-NOV-25', 'DD-MON-RR'),
           '102736082961271705232 (GOOGLE)',
           NULL,
           NULL,
           NULL );

INSERT INTO nciproject.bookings (
    booking_id,
    resource_id,
    user_id,
    start_ts,
    end_ts,
    status,
    booking_ref,
    notes,
    creation_date,
    created_by,
    last_update_date,
    last_updated_by,
    checkin
) VALUES ( 89,
           7,
           8,
           TO_TIMESTAMP_TZ('28-NOV-25 11:30:00.000000000 GMT', 'DD-MON-RR HH24:MI:SSXFF TZR'),
           TO_TIMESTAMP_TZ('28-NOV-25 11:32:00.000000000 GMT', 'DD-MON-RR HH24:MI:SSXFF TZR'),
           'CONFIRMED',
           '44A6E60EBF15F4AAE063135B000A5B2A',
           NULL,
           TO_DATE('28-NOV-25', 'DD-MON-RR'),
           '102736082961271705232 (GOOGLE)',
           NULL,
           NULL,
           NULL );

INSERT INTO nciproject.bookings (
    booking_id,
    resource_id,
    user_id,
    start_ts,
    end_ts,
    status,
    booking_ref,
    notes,
    creation_date,
    created_by,
    last_update_date,
    last_updated_by,
    checkin
) VALUES ( 132,
           14,
           10,
           TO_TIMESTAMP_TZ('24-DEC-25 12:00:00.000000000 GMT', 'DD-MON-RR HH24:MI:SSXFF TZR'),
           TO_TIMESTAMP_TZ('24-DEC-25 14:00:00.000000000 GMT', 'DD-MON-RR HH24:MI:SSXFF TZR'),
           'CONFIRMED',
           '4574CEDD76D41411E063135B000ADCA4',
           NULL,
           TO_DATE('08-DEC-25', 'DD-MON-RR'),
           'KOLEARY',
           NULL,
           NULL,
           NULL );

INSERT INTO nciproject.bookings (
    booking_id,
    resource_id,
    user_id,
    start_ts,
    end_ts,
    status,
    booking_ref,
    notes,
    creation_date,
    created_by,
    last_update_date,
    last_updated_by,
    checkin
) VALUES ( 133,
           22,
           13,
           TO_TIMESTAMP_TZ('16-DEC-25 17:00:00.000000000 GMT', 'DD-MON-RR HH24:MI:SSXFF TZR'),
           TO_TIMESTAMP_TZ('16-DEC-25 19:00:00.000000000 GMT', 'DD-MON-RR HH24:MI:SSXFF TZR'),
           'CONFIRMED',
           '4574D6AC64B113EFE063135B000AD22E',
           NULL,
           TO_DATE('08-DEC-25', 'DD-MON-RR'),
           'KOLEARY',
           NULL,
           NULL,
           NULL );

INSERT INTO nciproject.bookings (
    booking_id,
    resource_id,
    user_id,
    start_ts,
    end_ts,
    status,
    booking_ref,
    notes,
    creation_date,
    created_by,
    last_update_date,
    last_updated_by,
    checkin
) VALUES ( 46,
           12,
           3,
           TO_TIMESTAMP_TZ('12-NOV-25 22:00:00.000000000 GMT', 'DD-MON-RR HH24:MI:SSXFF TZR'),
           TO_TIMESTAMP_TZ('14-NOV-25 22:00:00.000000000 GMT', 'DD-MON-RR HH24:MI:SSXFF TZR'),
           'CONFIRMED',
           '439613494A1588DCE063265B000A3BF4',
           NULL,
           TO_DATE('14-NOV-25', 'DD-MON-RR'),
           '102736082961271705232 (GOOGLE)',
           NULL,
           NULL,
           NULL );

INSERT INTO nciproject.bookings (
    booking_id,
    resource_id,
    user_id,
    start_ts,
    end_ts,
    status,
    booking_ref,
    notes,
    creation_date,
    created_by,
    last_update_date,
    last_updated_by,
    checkin
) VALUES ( 71,
           21,
           3,
           TO_TIMESTAMP_TZ('16-NOV-25 22:00:00.000000000 GMT', 'DD-MON-RR HH24:MI:SSXFF TZR'),
           TO_TIMESTAMP_TZ('18-NOV-25 22:00:00.000000000 GMT', 'DD-MON-RR HH24:MI:SSXFF TZR'),
           'CONFIRMED',
           '43BE754544E0259CE063265B000A4EF0',
           NULL,
           TO_DATE('16-NOV-25', 'DD-MON-RR'),
           '102736082961271705232 (GOOGLE)',
           NULL,
           NULL,
           NULL );

INSERT INTO nciproject.bookings (
    booking_id,
    resource_id,
    user_id,
    start_ts,
    end_ts,
    status,
    booking_ref,
    notes,
    creation_date,
    created_by,
    last_update_date,
    last_updated_by,
    checkin
) VALUES ( 75,
           6,
           3,
           TO_TIMESTAMP_TZ('17-NOV-25 21:15:00.000000000 GMT', 'DD-MON-RR HH24:MI:SSXFF TZR'),
           TO_TIMESTAMP_TZ('18-NOV-25 21:15:00.000000000 GMT', 'DD-MON-RR HH24:MI:SSXFF TZR'),
           'CONFIRMED',
           '43D1DB7E0D1B900FE063265B000A632F',
           NULL,
           TO_DATE('17-NOV-25', 'DD-MON-RR'),
           '102736082961271705232 (GOOGLE)',
           NULL,
           NULL,
           NULL );

INSERT INTO nciproject.bookings (
    booking_id,
    resource_id,
    user_id,
    start_ts,
    end_ts,
    status,
    booking_ref,
    notes,
    creation_date,
    created_by,
    last_update_date,
    last_updated_by,
    checkin
) VALUES ( 77,
           6,
           3,
           TO_TIMESTAMP_TZ('16-NOV-25 21:15:00.000000000 GMT', 'DD-MON-RR HH24:MI:SSXFF TZR'),
           TO_TIMESTAMP_TZ('17-NOV-25 21:15:00.000000000 GMT', 'DD-MON-RR HH24:MI:SSXFF TZR'),
           'CONFIRMED',
           '43D1DB7E0D1C900FE063265B000A632F',
           NULL,
           TO_DATE('17-NOV-25', 'DD-MON-RR'),
           '102736082961271705232 (GOOGLE)',
           NULL,
           NULL,
           NULL );

INSERT INTO nciproject.bookings (
    booking_id,
    resource_id,
    user_id,
    start_ts,
    end_ts,
    status,
    booking_ref,
    notes,
    creation_date,
    created_by,
    last_update_date,
    last_updated_by,
    checkin
) VALUES ( 88,
           5,
           8,
           TO_TIMESTAMP_TZ('28-NOV-25 11:15:00.000000000 GMT', 'DD-MON-RR HH24:MI:SSXFF TZR'),
           TO_TIMESTAMP_TZ('28-NOV-25 11:16:00.000000000 GMT', 'DD-MON-RR HH24:MI:SSXFF TZR'),
           'CONFIRMED',
           '44A6D57632EAE910E063135B000AEC44',
           NULL,
           TO_DATE('28-NOV-25', 'DD-MON-RR'),
           '102736082961271705232 (GOOGLE)',
           NULL,
           NULL,
           NULL );

INSERT INTO nciproject.bookings (
    booking_id,
    resource_id,
    user_id,
    start_ts,
    end_ts,
    status,
    booking_ref,
    notes,
    creation_date,
    created_by,
    last_update_date,
    last_updated_by,
    checkin
) VALUES ( 101,
           25,
           8,
           TO_TIMESTAMP_TZ('28-NOV-25 12:00:00.000000000 GMT', 'DD-MON-RR HH24:MI:SSXFF TZR'),
           TO_TIMESTAMP_TZ('29-NOV-25 12:00:00.000000000 GMT', 'DD-MON-RR HH24:MI:SSXFF TZR'),
           'CONFIRMED',
           '44A771C89F8271B9E063135B000A018A',
           NULL,
           TO_DATE('28-NOV-25', 'DD-MON-RR'),
           '102736082961271705232 (GOOGLE)',
           NULL,
           NULL,
           NULL );

INSERT INTO nciproject.bookings (
    booking_id,
    resource_id,
    user_id,
    start_ts,
    end_ts,
    status,
    booking_ref,
    notes,
    creation_date,
    created_by,
    last_update_date,
    last_updated_by,
    checkin
) VALUES ( 103,
           8,
           8,
           TO_TIMESTAMP_TZ('28-NOV-25 12:15:00.000000000 GMT', 'DD-MON-RR HH24:MI:SSXFF TZR'),
           TO_TIMESTAMP_TZ('28-NOV-25 13:15:00.000000000 GMT', 'DD-MON-RR HH24:MI:SSXFF TZR'),
           'CONFIRMED',
           '44A780E33C60909AE063135B000AC69E',
           NULL,
           TO_DATE('28-NOV-25', 'DD-MON-RR'),
           '102736082961271705232 (GOOGLE)',
           NULL,
           NULL,
           NULL );
REM INSERTING into NCIPROJECT.BOOKING_ATTENDEES
SET DEFINE OFF;

INSERT INTO nciproject.booking_attendees (
    attendee_id,
    booking_id,
    internal_flag,
    user_id,
    attendee_name,
    email,
    notes,
    creation_date,
    created_by,
    last_update_date,
    last_updated_by
) VALUES ( 32,
           59,
           NULL,
           NULL,
           '{"full_name":"t","user_id":2,"email":"toleary83@gmail.com"}',
           NULL,
           NULL,
           NULL,
           '102736082961271705232 (GOOGLE)',
           NULL,
           NULL );

INSERT INTO nciproject.booking_attendees (
    attendee_id,
    booking_id,
    internal_flag,
    user_id,
    attendee_name,
    email,
    notes,
    creation_date,
    created_by,
    last_update_date,
    last_updated_by
) VALUES ( 34,
           81,
           'Y',
           9,
           'James O''Leary',
           'please',
           NULL,
           NULL,
           '102736082961271705232 (GOOGLE)',
           NULL,
           NULL );

INSERT INTO nciproject.booking_attendees (
    attendee_id,
    booking_id,
    internal_flag,
    user_id,
    attendee_name,
    email,
    notes,
    creation_date,
    created_by,
    last_update_date,
    last_updated_by
) VALUES ( 35,
           81,
           'Y',
           1,
           'John Test',
           'jTest01@NCI.ie',
           NULL,
           NULL,
           '102736082961271705232 (GOOGLE)',
           NULL,
           NULL );

INSERT INTO nciproject.booking_attendees (
    attendee_id,
    booking_id,
    internal_flag,
    user_id,
    attendee_name,
    email,
    notes,
    creation_date,
    created_by,
    last_update_date,
    last_updated_by
) VALUES ( 51,
           105,
           'Y',
           8,
           'Tim O''Leary',
           'TOLEARY83@GMAIL.COM',
           NULL,
           NULL,
           '102736082961271705232 (GOOGLE)',
           NULL,
           NULL );

INSERT INTO nciproject.booking_attendees (
    attendee_id,
    booking_id,
    internal_flag,
    user_id,
    attendee_name,
    email,
    notes,
    creation_date,
    created_by,
    last_update_date,
    last_updated_by
) VALUES ( 53,
           111,
           'Y',
           3,
           'Tim O''L',
           'toleary83@gmail.com',
           '1',
           NULL,
           '102736082961271705232 (GOOGLE)',
           TO_DATE('05-DEC-25', 'DD-MON-RR'),
           '102736082961271705232 (GOOGLE)' );

INSERT INTO nciproject.booking_attendees (
    attendee_id,
    booking_id,
    internal_flag,
    user_id,
    attendee_name,
    email,
    notes,
    creation_date,
    created_by,
    last_update_date,
    last_updated_by
) VALUES ( 54,
           111,
           'Y',
           8,
           'Tim O''Leary',
           'TOLEARY83@GMAIL.COM',
           '2',
           NULL,
           '102736082961271705232 (GOOGLE)',
           TO_DATE('05-DEC-25', 'DD-MON-RR'),
           '102736082961271705232 (GOOGLE)' );

INSERT INTO nciproject.booking_attendees (
    attendee_id,
    booking_id,
    internal_flag,
    user_id,
    attendee_name,
    email,
    notes,
    creation_date,
    created_by,
    last_update_date,
    last_updated_by
) VALUES ( 33,
           59,
           NULL,
           1,
           'John Test',
           'jTest01@NCI.ie',
           NULL,
           NULL,
           '102736082961271705232 (GOOGLE)',
           NULL,
           NULL );

INSERT INTO nciproject.booking_attendees (
    attendee_id,
    booking_id,
    internal_flag,
    user_id,
    attendee_name,
    email,
    notes,
    creation_date,
    created_by,
    last_update_date,
    last_updated_by
) VALUES ( 36,
           83,
           'Y',
           3,
           'Tim O''L',
           'toleary83@gmail.com',
           NULL,
           NULL,
           '102736082961271705232 (GOOGLE)',
           NULL,
           NULL );

INSERT INTO nciproject.booking_attendees (
    attendee_id,
    booking_id,
    internal_flag,
    user_id,
    attendee_name,
    email,
    notes,
    creation_date,
    created_by,
    last_update_date,
    last_updated_by
) VALUES ( 37,
           83,
           'Y',
           3,
           'Tim O''L',
           'toleary83@gmail.com',
           NULL,
           NULL,
           '102736082961271705232 (GOOGLE)',
           NULL,
           NULL );

INSERT INTO nciproject.booking_attendees (
    attendee_id,
    booking_id,
    internal_flag,
    user_id,
    attendee_name,
    email,
    notes,
    creation_date,
    created_by,
    last_update_date,
    last_updated_by
) VALUES ( 38,
           84,
           'Y',
           4,
           'toleary83',
           'toleary83',
           NULL,
           NULL,
           '102736082961271705232 (GOOGLE)',
           NULL,
           NULL );

INSERT INTO nciproject.booking_attendees (
    attendee_id,
    booking_id,
    internal_flag,
    user_id,
    attendee_name,
    email,
    notes,
    creation_date,
    created_by,
    last_update_date,
    last_updated_by
) VALUES ( 41,
           89,
           'Y',
           3,
           'Tim O''L',
           'toleary83@gmail.com',
           NULL,
           NULL,
           '102736082961271705232 (GOOGLE)',
           NULL,
           NULL );

INSERT INTO nciproject.booking_attendees (
    attendee_id,
    booking_id,
    internal_flag,
    user_id,
    attendee_name,
    email,
    notes,
    creation_date,
    created_by,
    last_update_date,
    last_updated_by
) VALUES ( 45,
           98,
           'Y',
           3,
           'Tim O''L',
           'toleary83@gmail.com',
           NULL,
           NULL,
           '102736082961271705232 (GOOGLE)',
           NULL,
           NULL );

INSERT INTO nciproject.booking_attendees (
    attendee_id,
    booking_id,
    internal_flag,
    user_id,
    attendee_name,
    email,
    notes,
    creation_date,
    created_by,
    last_update_date,
    last_updated_by
) VALUES ( 48,
           101,
           'Y',
           9,
           'James O''Leary',
           'please',
           NULL,
           NULL,
           '102736082961271705232 (GOOGLE)',
           NULL,
           NULL );

INSERT INTO nciproject.booking_attendees (
    attendee_id,
    booking_id,
    internal_flag,
    user_id,
    attendee_name,
    email,
    notes,
    creation_date,
    created_by,
    last_update_date,
    last_updated_by
) VALUES ( 57,
           114,
           'Y',
           8,
           'Tim O''Leary',
           'TOLEARY83@GMAIL.COM',
           '1',
           NULL,
           '102736082961271705232 (GOOGLE)',
           NULL,
           NULL );

INSERT INTO nciproject.booking_attendees (
    attendee_id,
    booking_id,
    internal_flag,
    user_id,
    attendee_name,
    email,
    notes,
    creation_date,
    created_by,
    last_update_date,
    last_updated_by
) VALUES ( 58,
           114,
           'Y',
           3,
           'Tim O''L',
           'toleary83@gmail.com',
           '3',
           NULL,
           '102736082961271705232 (GOOGLE)',
           NULL,
           NULL );

INSERT INTO nciproject.booking_attendees (
    attendee_id,
    booking_id,
    internal_flag,
    user_id,
    attendee_name,
    email,
    notes,
    creation_date,
    created_by,
    last_update_date,
    last_updated_by
) VALUES ( 30,
           59,
           NULL,
           NULL,
           '{"full_name":"James O''Leary","user_id":9,"email":"please"}',
           NULL,
           NULL,
           NULL,
           '102736082961271705232 (GOOGLE)',
           NULL,
           NULL );

INSERT INTO nciproject.booking_attendees (
    attendee_id,
    booking_id,
    internal_flag,
    user_id,
    attendee_name,
    email,
    notes,
    creation_date,
    created_by,
    last_update_date,
    last_updated_by
) VALUES ( 31,
           59,
           NULL,
           NULL,
           '{"full_name":"toleary83","user_id":4,"email":"toleary83"}',
           NULL,
           NULL,
           NULL,
           '102736082961271705232 (GOOGLE)',
           NULL,
           NULL );

INSERT INTO nciproject.booking_attendees (
    attendee_id,
    booking_id,
    internal_flag,
    user_id,
    attendee_name,
    email,
    notes,
    creation_date,
    created_by,
    last_update_date,
    last_updated_by
) VALUES ( 39,
           85,
           'Y',
           9,
           'James O''Leary',
           'please',
           NULL,
           NULL,
           '102736082961271705232 (GOOGLE)',
           NULL,
           NULL );

INSERT INTO nciproject.booking_attendees (
    attendee_id,
    booking_id,
    internal_flag,
    user_id,
    attendee_name,
    email,
    notes,
    creation_date,
    created_by,
    last_update_date,
    last_updated_by
) VALUES ( 42,
           94,
           'Y',
           1,
           'John Test',
           'jTest01@NCI.ie',
           NULL,
           NULL,
           '102736082961271705232 (GOOGLE)',
           NULL,
           NULL );

INSERT INTO nciproject.booking_attendees (
    attendee_id,
    booking_id,
    internal_flag,
    user_id,
    attendee_name,
    email,
    notes,
    creation_date,
    created_by,
    last_update_date,
    last_updated_by
) VALUES ( 46,
           99,
           'Y',
           3,
           'Tim O''L',
           'toleary83@gmail.com',
           NULL,
           NULL,
           '102736082961271705232 (GOOGLE)',
           NULL,
           NULL );

INSERT INTO nciproject.booking_attendees (
    attendee_id,
    booking_id,
    internal_flag,
    user_id,
    attendee_name,
    email,
    notes,
    creation_date,
    created_by,
    last_update_date,
    last_updated_by
) VALUES ( 50,
           103,
           'Y',
           8,
           'Tim O''Leary',
           'TOLEARY83@GMAIL.COM',
           NULL,
           NULL,
           '102736082961271705232 (GOOGLE)',
           NULL,
           NULL );

INSERT INTO nciproject.booking_attendees (
    attendee_id,
    booking_id,
    internal_flag,
    user_id,
    attendee_name,
    email,
    notes,
    creation_date,
    created_by,
    last_update_date,
    last_updated_by
) VALUES ( 52,
           110,
           'Y',
           3,
           'Tim O''L',
           'toleary83@gmail.com',
           'test note',
           NULL,
           '102736082961271705232 (GOOGLE)',
           TO_DATE('05-DEC-25', 'DD-MON-RR'),
           '102736082961271705232 (GOOGLE)' );

INSERT INTO nciproject.booking_attendees (
    attendee_id,
    booking_id,
    internal_flag,
    user_id,
    attendee_name,
    email,
    notes,
    creation_date,
    created_by,
    last_update_date,
    last_updated_by
) VALUES ( 66,
           144,
           'Y',
           10,
           'Kirsten O''Leary',
           'kirstenobrien@gmail.com',
           '1',
           NULL,
           '102736082961271705232 (GOOGLE)',
           NULL,
           NULL );

INSERT INTO nciproject.booking_attendees (
    attendee_id,
    booking_id,
    internal_flag,
    user_id,
    attendee_name,
    email,
    notes,
    creation_date,
    created_by,
    last_update_date,
    last_updated_by
) VALUES ( 67,
           145,
           'Y',
           10,
           'Kirsten O''Leary',
           'kirstenobrien@gmail.com',
           NULL,
           NULL,
           '102736082961271705232 (GOOGLE)',
           NULL,
           NULL );

INSERT INTO nciproject.booking_attendees (
    attendee_id,
    booking_id,
    internal_flag,
    user_id,
    attendee_name,
    email,
    notes,
    creation_date,
    created_by,
    last_update_date,
    last_updated_by
) VALUES ( 68,
           145,
           'Y',
           3,
           'Tim O''L',
           'toleary83@gmail.com',
           NULL,
           NULL,
           '102736082961271705232 (GOOGLE)',
           NULL,
           NULL );

INSERT INTO nciproject.booking_attendees (
    attendee_id,
    booking_id,
    internal_flag,
    user_id,
    attendee_name,
    email,
    notes,
    creation_date,
    created_by,
    last_update_date,
    last_updated_by
) VALUES ( 69,
           145,
           'Y',
           8,
           'Tim O''Leary',
           'TOLEARY83@GMAIL.COM',
           NULL,
           NULL,
           '102736082961271705232 (GOOGLE)',
           NULL,
           NULL );

INSERT INTO nciproject.booking_attendees (
    attendee_id,
    booking_id,
    internal_flag,
    user_id,
    attendee_name,
    email,
    notes,
    creation_date,
    created_by,
    last_update_date,
    last_updated_by
) VALUES ( 70,
           145,
           'Y',
           11,
           'Kirsten O''Leary G',
           'kirstenmoleary@gmail.com',
           NULL,
           NULL,
           '102736082961271705232 (GOOGLE)',
           NULL,
           NULL );

INSERT INTO nciproject.booking_attendees (
    attendee_id,
    booking_id,
    internal_flag,
    user_id,
    attendee_name,
    email,
    notes,
    creation_date,
    created_by,
    last_update_date,
    last_updated_by
) VALUES ( 29,
           59,
           NULL,
           NULL,
           '{"full_name":"James O''Leary","user_id":9,"email":"please"}',
           NULL,
           NULL,
           NULL,
           '102736082961271705232 (GOOGLE)',
           NULL,
           NULL );

INSERT INTO nciproject.booking_attendees (
    attendee_id,
    booking_id,
    internal_flag,
    user_id,
    attendee_name,
    email,
    notes,
    creation_date,
    created_by,
    last_update_date,
    last_updated_by
) VALUES ( 49,
           102,
           'Y',
           4,
           'toleary83',
           'toleary83',
           NULL,
           NULL,
           '102736082961271705232 (GOOGLE)',
           NULL,
           NULL );

INSERT INTO nciproject.booking_attendees (
    attendee_id,
    booking_id,
    internal_flag,
    user_id,
    attendee_name,
    email,
    notes,
    creation_date,
    created_by,
    last_update_date,
    last_updated_by
) VALUES ( 55,
           113,
           'Y',
           8,
           'Tim O''Leary',
           'TOLEARY83@GMAIL.COM',
           '1',
           NULL,
           '102736082961271705232 (GOOGLE)',
           NULL,
           NULL );

INSERT INTO nciproject.booking_attendees (
    attendee_id,
    booking_id,
    internal_flag,
    user_id,
    attendee_name,
    email,
    notes,
    creation_date,
    created_by,
    last_update_date,
    last_updated_by
) VALUES ( 56,
           113,
           'Y',
           3,
           'Tim O''L',
           'toleary83@gmail.com',
           '2',
           NULL,
           '102736082961271705232 (GOOGLE)',
           NULL,
           NULL );

INSERT INTO nciproject.booking_attendees (
    attendee_id,
    booking_id,
    internal_flag,
    user_id,
    attendee_name,
    email,
    notes,
    creation_date,
    created_by,
    last_update_date,
    last_updated_by
) VALUES ( 40,
           86,
           'Y',
           3,
           'Tim O''L',
           'toleary83@gmail.com',
           NULL,
           NULL,
           '102736082961271705232 (GOOGLE)',
           NULL,
           NULL );

INSERT INTO nciproject.booking_attendees (
    attendee_id,
    booking_id,
    internal_flag,
    user_id,
    attendee_name,
    email,
    notes,
    creation_date,
    created_by,
    last_update_date,
    last_updated_by
) VALUES ( 44,
           95,
           'Y',
           3,
           'Tim O''L',
           'toleary83@gmail.com',
           NULL,
           NULL,
           '102736082961271705232 (GOOGLE)',
           NULL,
           NULL );

INSERT INTO nciproject.booking_attendees (
    attendee_id,
    booking_id,
    internal_flag,
    user_id,
    attendee_name,
    email,
    notes,
    creation_date,
    created_by,
    last_update_date,
    last_updated_by
) VALUES ( 47,
           100,
           'Y',
           1,
           'John Test',
           'jTest01@NCI.ie',
           NULL,
           NULL,
           '102736082961271705232 (GOOGLE)',
           NULL,
           NULL );
REM INSERTING into NCIPROJECT.CAMPUS_USERS
SET DEFINE OFF;

INSERT INTO nciproject.campus_users (
    user_id,
    username,
    full_name,
    email,
    user_role,
    file_name,
    mime_type,
    file_size,
    mfa_code,
    mfa_date,
    creation_date,
    created_by,
    last_update_date,
    last_updated_by,
    password,
    student_staff_no,
    department
) VALUES ( 4,
           'TOLEARY',
           'TOLEARY',
           'toleary83@gmail.com',
           'Admin',
           'logo2.JPG',
           'image/jpeg',
           420419,
           NULL,
           NULL,
           TO_DATE('02-NOV-25', 'DD-MON-RR'),
           'NCIPROJECT',
           TO_DATE('05-DEC-25', 'DD-MON-RR'),
           '102736082961271705232 (GOOGLE)',
           'JKG3IUFH2yCU75C3Zzo_tSawhpfJtLVi0sbEoNN-eBNc4ZXIHLLNDx9ul75Baxdp6cLZ7hrH7uf_pwV9MK8Oiw',
           NULL,
           NULL );

INSERT INTO nciproject.campus_users (
    user_id,
    username,
    full_name,
    email,
    user_role,
    file_name,
    mime_type,
    file_size,
    mfa_code,
    mfa_date,
    creation_date,
    created_by,
    last_update_date,
    last_updated_by,
    password,
    student_staff_no,
    department
) VALUES ( 5,
           'TOL',
           'ttt',
           'tol',
           'Admin',
           NULL,
           NULL,
           0,
           NULL,
           NULL,
           TO_DATE('02-NOV-25', 'DD-MON-RR'),
           'NCIPROJECT',
           TO_DATE('23-NOV-25', 'DD-MON-RR'),
           'NCIPROJECT',
           'ZvjLbPKsGnaiZvEalG9uEzWUXVQpRYJGC55XMdbYfbTzbPPiXRgdwi2YuWmjFVavJggushtp58KecuzAvTgXTg',
           NULL,
           NULL );

INSERT INTO nciproject.campus_users (
    user_id,
    username,
    full_name,
    email,
    user_role,
    file_name,
    mime_type,
    file_size,
    mfa_code,
    mfa_date,
    creation_date,
    created_by,
    last_update_date,
    last_updated_by,
    password,
    student_staff_no,
    department
) VALUES ( 10,
           'KOLEARY',
           'Kirsten O''Leary',
           'kirstenobrien@gmail.com',
           'Admin',
           'img-1.png',
           'image/png',
           346585,
           NULL,
           NULL,
           TO_DATE('05-DEC-25', 'DD-MON-RR'),
           '102736082961271705232 (GOOGLE)',
           NULL,
           NULL,
           'QQFTmf78gy_JS84s1VRD_NCu5YDvgKvFaDWpobcSWNHimzAve3MJhgVE-W-CE8c-DMZkLD5eegG-MUqgbpdgrw',
           '1904',
           'Engineering Dept' );

INSERT INTO nciproject.campus_users (
    user_id,
    username,
    full_name,
    email,
    user_role,
    file_name,
    mime_type,
    file_size,
    mfa_code,
    mfa_date,
    creation_date,
    created_by,
    last_update_date,
    last_updated_by,
    password,
    student_staff_no,
    department
) VALUES ( 11,
           '113363020299522804875 (GOOGLE)',
           'Kirsten O''Leary G',
           'kirstenmoleary@gmail.com',
           'Student',
           NULL,
           NULL,
           0,
           NULL,
           NULL,
           TO_DATE('05-DEC-25', 'DD-MON-RR'),
           '113363020299522804875 (GOOGLE)',
           TO_DATE('08-DEC-25', 'DD-MON-RR'),
           '102736082961271705232 (GOOGLE)',
           'bTmPj_FfzsZElawXyhufxqjdb09JFaYYBNVAd0jaGiy3ytcZy1Au9pbW1Ij5YKP9doIgW-HEjU4vmkpesCBp3w',
           '123456',
           'Computer Science Dept' );

INSERT INTO nciproject.campus_users (
    user_id,
    username,
    full_name,
    email,
    user_role,
    file_name,
    mime_type,
    file_size,
    mfa_code,
    mfa_date,
    creation_date,
    created_by,
    last_update_date,
    last_updated_by,
    password,
    student_staff_no,
    department
) VALUES ( 13,
           'Dduck',
           'Daffy Duck',
           'therealdduck@test.com',
           'Student',
           NULL,
           NULL,
           0,
           NULL,
           NULL,
           TO_DATE('05-DEC-25', 'DD-MON-RR'),
           'KOLEARY',
           TO_DATE('05-DEC-25', 'DD-MON-RR'),
           'KOLEARY',
           'RCE0P8N5_d6pJMpTN17jOqthTPY83vxhC4rZutqQ4r01CxTNRFnoKZYKqBPDNZshpRnr-f2z62-dVUWh1BE11A',
           '1236',
           'Computer Science Dept' );

INSERT INTO nciproject.campus_users (
    user_id,
    username,
    full_name,
    email,
    user_role,
    file_name,
    mime_type,
    file_size,
    mfa_code,
    mfa_date,
    creation_date,
    created_by,
    last_update_date,
    last_updated_by,
    password,
    student_staff_no,
    department
) VALUES ( 14,
           'AOLeary',
           'Agnes O''Leary',
           'agnesmoleary@gmail.com',
           'Staff',
           NULL,
           NULL,
           0,
           NULL,
           NULL,
           TO_DATE('05-DEC-25', 'DD-MON-RR'),
           'KOLEARY',
           TO_DATE('05-DEC-25', 'DD-MON-RR'),
           'KOLEARY',
           'lWo74R4FdzbKLy564pvPpwoyuTK5qihNzZIED5ynyEM09wzMnEy0C-Qk6OzUPii6g8jSq2R4NJ_sApjJ2tlnCw',
           '1237',
           'Computer Science Dept' );

INSERT INTO nciproject.campus_users (
    user_id,
    username,
    full_name,
    email,
    user_role,
    file_name,
    mime_type,
    file_size,
    mfa_code,
    mfa_date,
    creation_date,
    created_by,
    last_update_date,
    last_updated_by,
    password,
    student_staff_no,
    department
) VALUES ( 15,
           'kobrien',
           'Kate O''Brien',
           'obriek16@tcd.ie',
           'Student',
           NULL,
           NULL,
           0,
           NULL,
           NULL,
           TO_DATE('05-DEC-25', 'DD-MON-RR'),
           'KOLEARY',
           TO_DATE('05-DEC-25', 'DD-MON-RR'),
           'KOLEARY',
           'qnnmRtvr17RSvvOrcwre3H-Qt1nfarlcIeomeyoTUfIhJw66sfe9chesOotVLs5NqCt9_zpn6RY09QJpku0dFA',
           '1238',
           'Computer Science Dept' );

INSERT INTO nciproject.campus_users (
    user_id,
    username,
    full_name,
    email,
    user_role,
    file_name,
    mime_type,
    file_size,
    mfa_code,
    mfa_date,
    creation_date,
    created_by,
    last_update_date,
    last_updated_by,
    password,
    student_staff_no,
    department
) VALUES ( 16,
           'TOBrien',
           'Tim O''Brien',
           'kirstyandtim2019@gmail.com',
           'Student',
           NULL,
           NULL,
           0,
           NULL,
           NULL,
           TO_DATE('05-DEC-25', 'DD-MON-RR'),
           'KOLEARY',
           TO_DATE('05-DEC-25', 'DD-MON-RR'),
           'KOLEARY',
           'qobMQQIYfhba6wH2ntQ5tUU1gKahykwh4KV02nyMAqgU4Ju0jQ7q1DdUmXtwM12aqca5M2aWk6ulilUyzrD26w',
           '1239',
           'Computer Science Dept' );

INSERT INTO nciproject.campus_users (
    user_id,
    username,
    full_name,
    email,
    user_role,
    file_name,
    mime_type,
    file_size,
    mfa_code,
    mfa_date,
    creation_date,
    created_by,
    last_update_date,
    last_updated_by,
    password,
    student_staff_no,
    department
) VALUES ( 18,
           '108280139330143250844 (GOOGLE)',
           'Venomspawn',
           '123@22.com',
           'Admin',
           NULL,
           NULL,
           0,
           NULL,
           NULL,
           TO_DATE('08-DEC-25', 'DD-MON-RR'),
           '108280139330143250844 (GOOGLE)',
           TO_DATE('08-DEC-25', 'DD-MON-RR'),
           '108280139330143250844 (GOOGLE)',
           'p86bE_hiP7NTrzTWBXEJupb6yMeOYrCJYxc2GLhiwP067tgJnUlFtvqOhnP4Lym3Bgfa02x7rcrro7NEMD6R1w',
           NULL,
           NULL );

INSERT INTO nciproject.campus_users (
    user_id,
    username,
    full_name,
    email,
    user_role,
    file_name,
    mime_type,
    file_size,
    mfa_code,
    mfa_date,
    creation_date,
    created_by,
    last_update_date,
    last_updated_by,
    password,
    student_staff_no,
    department
) VALUES ( 1,
           'rUMIeixrvR5zasdJwK511w',
           'John Test',
           'jTest01@NCI.ie',
           'Admin',
           'img-1.png',
           'image/png',
           346585,
           NULL,
           NULL,
           TO_DATE('24-OCT-25', 'DD-MON-RR'),
           'NCIPROJECT',
           TO_DATE('05-NOV-25', 'DD-MON-RR'),
           'NCIPROJECT',
           NULL,
           NULL,
           NULL );

INSERT INTO nciproject.campus_users (
    user_id,
    username,
    full_name,
    email,
    user_role,
    file_name,
    mime_type,
    file_size,
    mfa_code,
    mfa_date,
    creation_date,
    created_by,
    last_update_date,
    last_updated_by,
    password,
    student_staff_no,
    department
) VALUES ( 9,
           '102279844401835838325 (GOOGLE)',
           'James O''Leary',
           'please',
           'Admin',
           NULL,
           NULL,
           0,
           NULL,
           NULL,
           TO_DATE('26-NOV-25', 'DD-MON-RR'),
           '102279844401835838325 (GOOGLE)',
           NULL,
           NULL,
           'Umi7p-rWzRYsVeHDTPkitRB7V7nuK6wc7gEgjuvPqlY0-VwGMVqpE59UP1oh6I-vq2nJBBokjjlfVUNYuDZT4A',
           '172737377',
           NULL );

INSERT INTO nciproject.campus_users (
    user_id,
    username,
    full_name,
    email,
    user_role,
    file_name,
    mime_type,
    file_size,
    mfa_code,
    mfa_date,
    creation_date,
    created_by,
    last_update_date,
    last_updated_by,
    password,
    student_staff_no,
    department
) VALUES ( 2,
           'TOLEARY83@GMAIL.COM',
           'test 1',
           'toleary83@gmail.com',
           'Admin',
           NULL,
           NULL,
           0,
           NULL,
           NULL,
           TO_DATE('02-NOV-25', 'DD-MON-RR'),
           'NCIPROJECT',
           TO_DATE('07-DEC-25', 'DD-MON-RR'),
           '102736082961271705232 (GOOGLE)',
           'a8kaZehBfJNWZBgSfcnASHmiQAUbeMmgTHM8DnHKYdsVXEkKV7mQYSpUFFgmjnT269akHdj7hoklDQsTfZpmSQ',
           NULL,
           'Engineering Dept' );

INSERT INTO nciproject.campus_users (
    user_id,
    username,
    full_name,
    email,
    user_role,
    file_name,
    mime_type,
    file_size,
    mfa_code,
    mfa_date,
    creation_date,
    created_by,
    last_update_date,
    last_updated_by,
    password,
    student_staff_no,
    department
) VALUES ( 3,
           'tol_test',
           'Tim O''L',
           'toleary83@gmail.com',
           'Admin',
           NULL,
           NULL,
           0,
           NULL,
           NULL,
           TO_DATE('02-NOV-25', 'DD-MON-RR'),
           'NCIPROJECT',
           TO_DATE('07-DEC-25', 'DD-MON-RR'),
           '102736082961271705232 (GOOGLE)',
           'MBHkUjH2zHsTGK4LJaagp3o-HwzHmEdJJLqtPYsIIALRNSLnweaaa1A7KbX8ncls2ouZK0SCN5pUMF87WYPDhA',
           NULL,
           'Library' );

INSERT INTO nciproject.campus_users (
    user_id,
    username,
    full_name,
    email,
    user_role,
    file_name,
    mime_type,
    file_size,
    mfa_code,
    mfa_date,
    creation_date,
    created_by,
    last_update_date,
    last_updated_by,
    password,
    student_staff_no,
    department
) VALUES ( 8,
           '102736082961271705232 (GOOGLE)',
           'Tim O''Leary',
           'TOLEARY83@GMAIL.COM',
           'Admin',
           'logo2.JPG',
           'image/jpeg',
           420419,
           NULL,
           NULL,
           TO_DATE('18-NOV-25', 'DD-MON-RR'),
           '102736082961271705232 (GOOGLE)',
           TO_DATE('06-DEC-25', 'DD-MON-RR'),
           '102736082961271705232 (GOOGLE)',
           'oUXrf4z9GZmHm9nFXSpw4s5RcakVpG6JnzWHeIJ7i48IELKMJ7YmAXdlNp-OgS7ryzrHYDJfc0Lv5SbVSZeDaA',
           '123',
           'Computer Science Dept' );
REM INSERTING into NCIPROJECT.RESOURCES
SET DEFINE OFF;

INSERT INTO nciproject.resources (
    resource_id,
    code,
    name,
    location,
    capacity,
    resource_type,
    resource_available,
    active_flag,
    creation_date,
    created_by,
    last_update_date,
    last_updated_by,
    equipment,
    notes,
    floor,
    department,
    bookable_by
) VALUES ( 29,
           'CSMR.0.2',
           'Meeting Room',
           'Computer Science Building',
           4,
           'Meeting Room',
           1,
           'Y',
           TO_DATE('08-DEC-25', 'DD-MON-RR'),
           'KOLEARY',
           TO_DATE('08-DEC-25', 'DD-MON-RR'),
           'KOLEARY',
           NULL,
           NULL,
           'Ground Floor',
           'Computer Science Dept',
           'Admin:Staff:Student' );

INSERT INTO nciproject.resources (
    resource_id,
    code,
    name,
    location,
    capacity,
    resource_type,
    resource_available,
    active_flag,
    creation_date,
    created_by,
    last_update_date,
    last_updated_by,
    equipment,
    notes,
    floor,
    department,
    bookable_by
) VALUES ( 34,
           'LMR 0.2',
           'Group Study Room',
           'Library Building',
           2,
           'Meeting Room',
           1,
           'Y',
           TO_DATE('08-DEC-25', 'DD-MON-RR'),
           'KOLEARY',
           TO_DATE('08-DEC-25', 'DD-MON-RR'),
           'KOLEARY',
           'plugs',
           NULL,
           'Ground Floor',
           'Library',
           'Admin:Student' );

INSERT INTO nciproject.resources (
    resource_id,
    code,
    name,
    location,
    capacity,
    resource_type,
    resource_available,
    active_flag,
    creation_date,
    created_by,
    last_update_date,
    last_updated_by,
    equipment,
    notes,
    floor,
    department,
    bookable_by
) VALUES ( 35,
           'LMR 1.1',
           'Group Study Room',
           'Library Building',
           6,
           'Meeting Room',
           1,
           'Y',
           TO_DATE('08-DEC-25', 'DD-MON-RR'),
           'KOLEARY',
           TO_DATE('08-DEC-25', 'DD-MON-RR'),
           'KOLEARY',
           'plugs, projector',
           'closer to computer science books, large study room, close to printers',
           'First Floor',
           'Library',
           'Admin:Staff:Student' );

INSERT INTO nciproject.resources (
    resource_id,
    code,
    name,
    location,
    capacity,
    resource_type,
    resource_available,
    active_flag,
    creation_date,
    created_by,
    last_update_date,
    last_updated_by,
    equipment,
    notes,
    floor,
    department,
    bookable_by
) VALUES ( 38,
           'Lap 002',
           'Laptop 2',
           'Main desk',
           1,
           'Equipment',
           1,
           'Y',
           TO_DATE('08-DEC-25', 'DD-MON-RR'),
           'KOLEARY',
           TO_DATE('08-DEC-25', 'DD-MON-RR'),
           'KOLEARY',
           'laptop, word processor, charger',
           NULL,
           'Ground Floor',
           'Library',
           'Student' );

INSERT INTO nciproject.resources (
    resource_id,
    code,
    name,
    location,
    capacity,
    resource_type,
    resource_available,
    active_flag,
    creation_date,
    created_by,
    last_update_date,
    last_updated_by,
    equipment,
    notes,
    floor,
    department,
    bookable_by
) VALUES ( 40,
           'Lap 004',
           'Laptop 4',
           'Pickup at ICT desk',
           1,
           'Equipment',
           1,
           'Y',
           TO_DATE('08-DEC-25', 'DD-MON-RR'),
           'KOLEARY',
           TO_DATE('08-DEC-25', 'DD-MON-RR'),
           'KOLEARY',
           'Linux operating system, charger',
           NULL,
           'First Floor',
           'Engineering Dept',
           'Student' );

INSERT INTO nciproject.resources (
    resource_id,
    code,
    name,
    location,
    capacity,
    resource_type,
    resource_available,
    active_flag,
    creation_date,
    created_by,
    last_update_date,
    last_updated_by,
    equipment,
    notes,
    floor,
    department,
    bookable_by
) VALUES ( 42,
           'RP 001',
           'Rashberry Pi 4',
           'Pick up from Lab reception',
           NULL,
           'Equipment',
           2,
           'N',
           TO_DATE('08-DEC-25', 'DD-MON-RR'),
           'KOLEARY',
           TO_DATE('08-DEC-25', 'DD-MON-RR'),
           'KOLEARY',
           NULL,
           NULL,
           'Second Floor',
           'Engineering Dept',
           'Staff:Student' );

INSERT INTO nciproject.resources (
    resource_id,
    code,
    name,
    location,
    capacity,
    resource_type,
    resource_available,
    active_flag,
    creation_date,
    created_by,
    last_update_date,
    last_updated_by,
    equipment,
    notes,
    floor,
    department,
    bookable_by
) VALUES ( 45,
           'C 001',
           'Calculator',
           'Main office',
           1,
           'Equipment',
           6,
           'Y',
           TO_DATE('08-DEC-25', 'DD-MON-RR'),
           'KOLEARY',
           TO_DATE('08-DEC-25', 'DD-MON-RR'),
           'KOLEARY',
           'Scientific calculator',
           NULL,
           'Ground Floor',
           'Engineering Dept',
           'Staff:Student' );

INSERT INTO nciproject.resources (
    resource_id,
    code,
    name,
    location,
    capacity,
    resource_type,
    resource_available,
    active_flag,
    creation_date,
    created_by,
    last_update_date,
    last_updated_by,
    equipment,
    notes,
    floor,
    department,
    bookable_by
) VALUES ( 47,
           'C 003',
           'Calculator',
           'Main desk',
           1,
           'Equipment',
           8,
           'Y',
           TO_DATE('08-DEC-25', 'DD-MON-RR'),
           'KOLEARY',
           TO_DATE('08-DEC-25', 'DD-MON-RR'),
           'KOLEARY',
           'Scientific calculator',
           NULL,
           'Ground Floor',
           'Library',
           'Staff:Student' );

INSERT INTO nciproject.resources (
    resource_id,
    code,
    name,
    location,
    capacity,
    resource_type,
    resource_available,
    active_flag,
    creation_date,
    created_by,
    last_update_date,
    last_updated_by,
    equipment,
    notes,
    floor,
    department,
    bookable_by
) VALUES ( 48,
           'CLD 1',
           'Computer Lab Desk 1',
           'Computer Lab',
           1,
           'Desk',
           1,
           'Y',
           TO_DATE('08-DEC-25', 'DD-MON-RR'),
           'KOLEARY',
           TO_DATE('08-DEC-25', 'DD-MON-RR'),
           'KOLEARY',
           NULL,
           NULL,
           'Ground Floor',
           'Computer Science Dept',
           'Student' );

INSERT INTO nciproject.resources (
    resource_id,
    code,
    name,
    location,
    capacity,
    resource_type,
    resource_available,
    active_flag,
    creation_date,
    created_by,
    last_update_date,
    last_updated_by,
    equipment,
    notes,
    floor,
    department,
    bookable_by
) VALUES ( 1,
           'RM101',
           'Lecture Hall 101',
           'Building A, First Floor',
           10,
           'Lecture Hall',
           1,
           'Y',
           TO_DATE('24-OCT-25', 'DD-MON-RR'),
           'NCIPROJECT',
           TO_DATE('08-DEC-25', 'DD-MON-RR'),
           'KOLEARY',
           NULL,
           NULL,
           'Ground Floor',
           'Computer Science Dept',
           'Staff' );

INSERT INTO nciproject.resources (
    resource_id,
    code,
    name,
    location,
    capacity,
    resource_type,
    resource_available,
    active_flag,
    creation_date,
    created_by,
    last_update_date,
    last_updated_by,
    equipment,
    notes,
    floor,
    department,
    bookable_by
) VALUES ( 2,
           'PRO101',
           'Projector',
           'Collect from Building A, First Floor',
           NULL,
           'Equipment',
           2,
           'Y',
           TO_DATE('24-OCT-25', 'DD-MON-RR'),
           'NCIPROJECT',
           TO_DATE('06-DEC-25', 'DD-MON-RR'),
           'NCIPROJECT',
           NULL,
           NULL,
           NULL,
           'Computer Science Dept',
           'Staff:Student' );

INSERT INTO nciproject.resources (
    resource_id,
    code,
    name,
    location,
    capacity,
    resource_type,
    resource_available,
    active_flag,
    creation_date,
    created_by,
    last_update_date,
    last_updated_by,
    equipment,
    notes,
    floor,
    department,
    bookable_by
) VALUES ( 27,
           'WB01',
           'White Board',
           'Collect from Building A, First Floor',
           NULL,
           'Equipment',
           1,
           'Y',
           TO_DATE('16-NOV-25', 'DD-MON-RR'),
           '102736082961271705232 (GOOGLE)',
           TO_DATE('08-DEC-25', 'DD-MON-RR'),
           'KOLEARY',
           NULL,
           NULL,
           NULL,
           'Library',
           'Staff:Student' );

INSERT INTO nciproject.resources (
    resource_id,
    code,
    name,
    location,
    capacity,
    resource_type,
    resource_available,
    active_flag,
    creation_date,
    created_by,
    last_update_date,
    last_updated_by,
    equipment,
    notes,
    floor,
    department,
    bookable_by
) VALUES ( 36,
           'LMR 2.1',
           'Group Study Room',
           'Library Building',
           2,
           'Meeting Room',
           1,
           'Y',
           TO_DATE('08-DEC-25', 'DD-MON-RR'),
           'KOLEARY',
           TO_DATE('08-DEC-25', 'DD-MON-RR'),
           'KOLEARY',
           'plugs',
           'Close to engineering section',
           'Second Floor',
           'Library',
           'Student' );

INSERT INTO nciproject.resources (
    resource_id,
    code,
    name,
    location,
    capacity,
    resource_type,
    resource_available,
    active_flag,
    creation_date,
    created_by,
    last_update_date,
    last_updated_by,
    equipment,
    notes,
    floor,
    department,
    bookable_by
) VALUES ( 57,
           'RM102',
           'Lecture Hall 102',
           'Computer Science Building',
           100,
           'Lecture Hall',
           1,
           'Y',
           TO_DATE('08-DEC-25', 'DD-MON-RR'),
           'KOLEARY',
           NULL,
           NULL,
           NULL,
           NULL,
           'Ground Floor',
           'Computer Science Dept',
           'Admin:Staff' );

INSERT INTO nciproject.resources (
    resource_id,
    code,
    name,
    location,
    capacity,
    resource_type,
    resource_available,
    active_flag,
    creation_date,
    created_by,
    last_update_date,
    last_updated_by,
    equipment,
    notes,
    floor,
    department,
    bookable_by
) VALUES ( 61,
           'LRM 001',
           'Classroom 1',
           'Library Building',
           20,
           'Lecture Hall',
           1,
           'Y',
           TO_DATE('08-DEC-25', 'DD-MON-RR'),
           'KOLEARY',
           NULL,
           NULL,
           NULL,
           NULL,
           'Second Floor',
           'Library',
           'Admin:Staff' );

INSERT INTO nciproject.resources (
    resource_id,
    code,
    name,
    location,
    capacity,
    resource_type,
    resource_available,
    active_flag,
    creation_date,
    created_by,
    last_update_date,
    last_updated_by,
    equipment,
    notes,
    floor,
    department,
    bookable_by
) VALUES ( 62,
           'LRM 002',
           'Classroom 2',
           'Library Building',
           20,
           'Lecture Hall',
           1,
           'Y',
           TO_DATE('08-DEC-25', 'DD-MON-RR'),
           'KOLEARY',
           NULL,
           NULL,
           NULL,
           NULL,
           'Third Floor',
           'Library',
           'Admin:Staff' );

INSERT INTO nciproject.resources (
    resource_id,
    code,
    name,
    location,
    capacity,
    resource_type,
    resource_available,
    active_flag,
    creation_date,
    created_by,
    last_update_date,
    last_updated_by,
    equipment,
    notes,
    floor,
    department,
    bookable_by
) VALUES ( 30,
           'CSMR.1.1',
           'Meeting Room',
           'Computer Science Building',
           6,
           'Meeting Room',
           1,
           'Y',
           TO_DATE('08-DEC-25', 'DD-MON-RR'),
           'KOLEARY',
           TO_DATE('08-DEC-25', 'DD-MON-RR'),
           'KOLEARY',
           'plugs, conference table, chairs, water',
           'Staff only',
           'First Floor',
           'Computer Science Dept',
           'Admin:Staff' );

INSERT INTO nciproject.resources (
    resource_id,
    code,
    name,
    location,
    capacity,
    resource_type,
    resource_available,
    active_flag,
    creation_date,
    created_by,
    last_update_date,
    last_updated_by,
    equipment,
    notes,
    floor,
    department,
    bookable_by
) VALUES ( 37,
           'Lap 001',
           'Laptop 1',
           'Main desk',
           1,
           'Equipment',
           1,
           'Y',
           TO_DATE('08-DEC-25', 'DD-MON-RR'),
           'KOLEARY',
           TO_DATE('08-DEC-25', 'DD-MON-RR'),
           'KOLEARY',
           'laptop, word processor, charger',
           NULL,
           'Ground Floor',
           'Library',
           'Admin:Staff:Student' );

INSERT INTO nciproject.resources (
    resource_id,
    code,
    name,
    location,
    capacity,
    resource_type,
    resource_available,
    active_flag,
    creation_date,
    created_by,
    last_update_date,
    last_updated_by,
    equipment,
    notes,
    floor,
    department,
    bookable_by
) VALUES ( 39,
           'Lap 003',
           'Laptop 3',
           'Pickup from Computer Science Office',
           1,
           'Equipment',
           1,
           'Y',
           TO_DATE('08-DEC-25', 'DD-MON-RR'),
           'KOLEARY',
           TO_DATE('08-DEC-25', 'DD-MON-RR'),
           'KOLEARY',
           'Apple OS, charger',
           NULL,
           'Ground Floor',
           'Computer Science Dept',
           'Student' );

INSERT INTO nciproject.resources (
    resource_id,
    code,
    name,
    location,
    capacity,
    resource_type,
    resource_available,
    active_flag,
    creation_date,
    created_by,
    last_update_date,
    last_updated_by,
    equipment,
    notes,
    floor,
    department,
    bookable_by
) VALUES ( 41,
           'VC 001',
           'Video Camera',
           'Pick up at main office',
           NULL,
           'Equipment',
           3,
           'Y',
           TO_DATE('08-DEC-25', 'DD-MON-RR'),
           'KOLEARY',
           TO_DATE('08-DEC-25', 'DD-MON-RR'),
           'KOLEARY',
           'SD card, charging equipment',
           NULL,
           'Ground Floor',
           'Computer Science Dept',
           'Staff:Student' );

INSERT INTO nciproject.resources (
    resource_id,
    code,
    name,
    location,
    capacity,
    resource_type,
    resource_available,
    active_flag,
    creation_date,
    created_by,
    last_update_date,
    last_updated_by,
    equipment,
    notes,
    floor,
    department,
    bookable_by
) VALUES ( 43,
           'HP 001',
           'Headphones',
           'Main desk',
           1,
           'Equipment',
           8,
           'Y',
           TO_DATE('08-DEC-25', 'DD-MON-RR'),
           'KOLEARY',
           TO_DATE('08-DEC-25', 'DD-MON-RR'),
           'KOLEARY',
           'Noise cancelling',
           NULL,
           'Ground Floor',
           'Library',
           'Staff:Student' );

INSERT INTO nciproject.resources (
    resource_id,
    code,
    name,
    location,
    capacity,
    resource_type,
    resource_available,
    active_flag,
    creation_date,
    created_by,
    last_update_date,
    last_updated_by,
    equipment,
    notes,
    floor,
    department,
    bookable_by
) VALUES ( 46,
           'C 002',
           'Calculator',
           'Data office',
           1,
           'Equipment',
           5,
           'Y',
           TO_DATE('08-DEC-25', 'DD-MON-RR'),
           'KOLEARY',
           TO_DATE('08-DEC-25', 'DD-MON-RR'),
           'KOLEARY',
           'scientific calculator',
           NULL,
           'First Floor',
           'Computer Science Dept',
           'Staff:Student' );

INSERT INTO nciproject.resources (
    resource_id,
    code,
    name,
    location,
    capacity,
    resource_type,
    resource_available,
    active_flag,
    creation_date,
    created_by,
    last_update_date,
    last_updated_by,
    equipment,
    notes,
    floor,
    department,
    bookable_by
) VALUES ( 49,
           'CLD 2',
           'Computer Lab Desk 2',
           'Computer Lab',
           1,
           'Desk',
           1,
           'Y',
           TO_DATE('08-DEC-25', 'DD-MON-RR'),
           'KOLEARY',
           TO_DATE('08-DEC-25', 'DD-MON-RR'),
           'KOLEARY',
           NULL,
           NULL,
           'Ground Floor',
           'Computer Science Dept',
           'Student' );

INSERT INTO nciproject.resources (
    resource_id,
    code,
    name,
    location,
    capacity,
    resource_type,
    resource_available,
    active_flag,
    creation_date,
    created_by,
    last_update_date,
    last_updated_by,
    equipment,
    notes,
    floor,
    department,
    bookable_by
) VALUES ( 52,
           'CLD 5',
           'Computer Lab Desk 1',
           'Computer Lab',
           1,
           'Desk',
           1,
           'Y',
           TO_DATE('08-DEC-25', 'DD-MON-RR'),
           'KOLEARY',
           TO_DATE('08-DEC-25', 'DD-MON-RR'),
           'KOLEARY',
           'Linux OS',
           'Near printer',
           'First Floor',
           'Engineering Dept',
           'Student' );

INSERT INTO nciproject.resources (
    resource_id,
    code,
    name,
    location,
    capacity,
    resource_type,
    resource_available,
    active_flag,
    creation_date,
    created_by,
    last_update_date,
    last_updated_by,
    equipment,
    notes,
    floor,
    department,
    bookable_by
) VALUES ( 53,
           'CLD 6',
           'Computer Lab Desk 2',
           'Computer Lab',
           1,
           'Desk',
           1,
           'Y',
           TO_DATE('08-DEC-25', 'DD-MON-RR'),
           'KOLEARY',
           TO_DATE('08-DEC-25', 'DD-MON-RR'),
           'KOLEARY',
           'Apple OS, extra USB connectors',
           NULL,
           'First Floor',
           'Engineering Dept',
           'Student' );

INSERT INTO nciproject.resources (
    resource_id,
    code,
    name,
    location,
    capacity,
    resource_type,
    resource_available,
    active_flag,
    creation_date,
    created_by,
    last_update_date,
    last_updated_by,
    equipment,
    notes,
    floor,
    department,
    bookable_by
) VALUES ( 58,
           'RM 201',
           'Lecture Hall 201',
           'Computer Science',
           20,
           'Lecture Hall',
           1,
           'Y',
           TO_DATE('08-DEC-25', 'DD-MON-RR'),
           'KOLEARY',
           NULL,
           NULL,
           NULL,
           NULL,
           'First Floor',
           'Computer Science Dept',
           'Admin:Staff' );

INSERT INTO nciproject.resources (
    resource_id,
    code,
    name,
    location,
    capacity,
    resource_type,
    resource_available,
    active_flag,
    creation_date,
    created_by,
    last_update_date,
    last_updated_by,
    equipment,
    notes,
    floor,
    department,
    bookable_by
) VALUES ( 59,
           'LR 001',
           'Lecture Room',
           'Engineering Room',
           200,
           'Lecture Hall',
           1,
           'Y',
           TO_DATE('08-DEC-25', 'DD-MON-RR'),
           'KOLEARY',
           NULL,
           NULL,
           NULL,
           NULL,
           'Ground Floor',
           'Engineering Dept',
           'Admin:Staff' );

INSERT INTO nciproject.resources (
    resource_id,
    code,
    name,
    location,
    capacity,
    resource_type,
    resource_available,
    active_flag,
    creation_date,
    created_by,
    last_update_date,
    last_updated_by,
    equipment,
    notes,
    floor,
    department,
    bookable_by
) VALUES ( 60,
           'LR 002',
           'Lecture Room 002',
           'Engineering Dept',
           120,
           'Lecture Hall',
           1,
           'Y',
           TO_DATE('08-DEC-25', 'DD-MON-RR'),
           'KOLEARY',
           NULL,
           NULL,
           NULL,
           NULL,
           'Ground Room',
           'Engineering Dept',
           'Admin:Staff' );

INSERT INTO nciproject.resources (
    resource_id,
    code,
    name,
    location,
    capacity,
    resource_type,
    resource_available,
    active_flag,
    creation_date,
    created_by,
    last_update_date,
    last_updated_by,
    equipment,
    notes,
    floor,
    department,
    bookable_by
) VALUES ( 31,
           'EDMR.1.2',
           'Meeting Room',
           'Engineering Building',
           4,
           'Meeting Room',
           1,
           'Y',
           TO_DATE('08-DEC-25', 'DD-MON-RR'),
           'KOLEARY',
           TO_DATE('08-DEC-25', 'DD-MON-RR'),
           'KOLEARY',
           NULL,
           NULL,
           'First Floor',
           'Engineering Dept',
           'Admin:Staff:Student' );

INSERT INTO nciproject.resources (
    resource_id,
    code,
    name,
    location,
    capacity,
    resource_type,
    resource_available,
    active_flag,
    creation_date,
    created_by,
    last_update_date,
    last_updated_by,
    equipment,
    notes,
    floor,
    department,
    bookable_by
) VALUES ( 33,
           'LMR 0.1',
           'Group Study Room',
           'Library Building',
           4,
           'Meeting Room',
           1,
           'Y',
           TO_DATE('08-DEC-25', 'DD-MON-RR'),
           'KOLEARY',
           TO_DATE('08-DEC-25', 'DD-MON-RR'),
           'KOLEARY',
           'plugs, chairs, round table',
           'quite room',
           'Ground Floor',
           'Library',
           'Admin:Student' );

INSERT INTO nciproject.resources (
    resource_id,
    code,
    name,
    location,
    capacity,
    resource_type,
    resource_available,
    active_flag,
    creation_date,
    created_by,
    last_update_date,
    last_updated_by,
    equipment,
    notes,
    floor,
    department,
    bookable_by
) VALUES ( 50,
           'CLD 3',
           'Computer Lab Desk 3',
           'Computer Lab',
           1,
           'Desk',
           1,
           'Y',
           TO_DATE('08-DEC-25', 'DD-MON-RR'),
           'KOLEARY',
           TO_DATE('08-DEC-25', 'DD-MON-RR'),
           'KOLEARY',
           NULL,
           NULL,
           'Ground Floor',
           'Computer Science Dept',
           'Student' );

INSERT INTO nciproject.resources (
    resource_id,
    code,
    name,
    location,
    capacity,
    resource_type,
    resource_available,
    active_flag,
    creation_date,
    created_by,
    last_update_date,
    last_updated_by,
    equipment,
    notes,
    floor,
    department,
    bookable_by
) VALUES ( 54,
           'CLD 7',
           'Computer Lab Desk 3',
           'Computer Lab',
           1,
           'Desk',
           1,
           'Y',
           TO_DATE('08-DEC-25', 'DD-MON-RR'),
           'KOLEARY',
           TO_DATE('08-DEC-25', 'DD-MON-RR'),
           'KOLEARY',
           'Windows OS, webcam',
           NULL,
           'First Floor',
           'Engineering Dept',
           'Student' );

INSERT INTO nciproject.resources (
    resource_id,
    code,
    name,
    location,
    capacity,
    resource_type,
    resource_available,
    active_flag,
    creation_date,
    created_by,
    last_update_date,
    last_updated_by,
    equipment,
    notes,
    floor,
    department,
    bookable_by
) VALUES ( 55,
           'CLD 8',
           'Computer Lab Desk 4',
           'Computer Lab',
           1,
           'Desk',
           1,
           'Y',
           TO_DATE('08-DEC-25', 'DD-MON-RR'),
           'KOLEARY',
           TO_DATE('08-DEC-25', 'DD-MON-RR'),
           'KOLEARY',
           NULL,
           NULL,
           'First Floor',
           'Engineering Dept',
           'Student' );

INSERT INTO nciproject.resources (
    resource_id,
    code,
    name,
    location,
    capacity,
    resource_type,
    resource_available,
    active_flag,
    creation_date,
    created_by,
    last_update_date,
    last_updated_by,
    equipment,
    notes,
    floor,
    department,
    bookable_by
) VALUES ( 3,
           'DESK_01',
           'Library Desk 1',
           'Library',
           1,
           'Desk',
           1,
           'Y',
           TO_DATE('28-OCT-25', 'DD-MON-RR'),
           'NCIPROJECT',
           TO_DATE('06-DEC-25', 'DD-MON-RR'),
           'NCIPROJECT',
           'Lamp',
           'Near bookshelf.',
           'Floor 1',
           'Library',
           'Staff:Student' );

INSERT INTO nciproject.resources (
    resource_id,
    code,
    name,
    location,
    capacity,
    resource_type,
    resource_available,
    active_flag,
    creation_date,
    created_by,
    last_update_date,
    last_updated_by,
    equipment,
    notes,
    floor,
    department,
    bookable_by
) VALUES ( 4,
           'DESK_02',
           'Library Desk 2',
           'Library',
           1,
           'Desk',
           1,
           'Y',
           TO_DATE('28-OCT-25', 'DD-MON-RR'),
           'NCIPROJECT',
           TO_DATE('06-DEC-25', 'DD-MON-RR'),
           'NCIPROJECT',
           'Power outlet',
           'Quiet corner.',
           'Floor 1',
           'Library',
           'Staff:Student' );

INSERT INTO nciproject.resources (
    resource_id,
    code,
    name,
    location,
    capacity,
    resource_type,
    resource_available,
    active_flag,
    creation_date,
    created_by,
    last_update_date,
    last_updated_by,
    equipment,
    notes,
    floor,
    department,
    bookable_by
) VALUES ( 5,
           'DESK_03',
           'Library Desk 3',
           'Library',
           1,
           'Desk',
           1,
           'Y',
           TO_DATE('28-OCT-25', 'DD-MON-RR'),
           'NCIPROJECT',
           TO_DATE('06-DEC-25', 'DD-MON-RR'),
           'NCIPROJECT',
           'Power outlet,Lamp',
           'Central area.',
           'Floor 1',
           'Library',
           'Staff:Student' );

INSERT INTO nciproject.resources (
    resource_id,
    code,
    name,
    location,
    capacity,
    resource_type,
    resource_available,
    active_flag,
    creation_date,
    created_by,
    last_update_date,
    last_updated_by,
    equipment,
    notes,
    floor,
    department,
    bookable_by
) VALUES ( 6,
           'DESK_04',
           'Library Desk 4',
           'Library',
           1,
           'Desk',
           1,
           'Y',
           TO_DATE('28-OCT-25', 'DD-MON-RR'),
           'NCIPROJECT',
           TO_DATE('06-DEC-25', 'DD-MON-RR'),
           'NCIPROJECT',
           'Lamp',
           'Next to window.',
           'Floor 1',
           'Library',
           'Staff:Student' );

INSERT INTO nciproject.resources (
    resource_id,
    code,
    name,
    location,
    capacity,
    resource_type,
    resource_available,
    active_flag,
    creation_date,
    created_by,
    last_update_date,
    last_updated_by,
    equipment,
    notes,
    floor,
    department,
    bookable_by
) VALUES ( 7,
           'DESK_05',
           'Library Desk 5',
           'Library',
           1,
           'Desk',
           1,
           'Y',
           TO_DATE('28-OCT-25', 'DD-MON-RR'),
           'NCIPROJECT',
           TO_DATE('06-DEC-25', 'DD-MON-RR'),
           'NCIPROJECT',
           'Power outlet',
           'Near bookshelf.',
           'Floor 1',
           'Library',
           'Staff:Student' );

INSERT INTO nciproject.resources (
    resource_id,
    code,
    name,
    location,
    capacity,
    resource_type,
    resource_available,
    active_flag,
    creation_date,
    created_by,
    last_update_date,
    last_updated_by,
    equipment,
    notes,
    floor,
    department,
    bookable_by
) VALUES ( 8,
           'DESK_06',
           'Library Desk 6',
           'Library',
           1,
           'Desk',
           1,
           'Y',
           TO_DATE('28-OCT-25', 'DD-MON-RR'),
           'NCIPROJECT',
           TO_DATE('06-DEC-25', 'DD-MON-RR'),
           'NCIPROJECT',
           'Power outlet,Lamp',
           'Quiet corner.',
           'Floor 1',
           'Library',
           'Staff:Student' );

INSERT INTO nciproject.resources (
    resource_id,
    code,
    name,
    location,
    capacity,
    resource_type,
    resource_available,
    active_flag,
    creation_date,
    created_by,
    last_update_date,
    last_updated_by,
    equipment,
    notes,
    floor,
    department,
    bookable_by
) VALUES ( 9,
           'DESK_07',
           'Library Desk 7',
           'Library',
           1,
           'Desk',
           1,
           'Y',
           TO_DATE('28-OCT-25', 'DD-MON-RR'),
           'NCIPROJECT',
           TO_DATE('06-DEC-25', 'DD-MON-RR'),
           'NCIPROJECT',
           'Lamp',
           'Central area.',
           'Floor 1',
           'Library',
           'Staff:Student' );

INSERT INTO nciproject.resources (
    resource_id,
    code,
    name,
    location,
    capacity,
    resource_type,
    resource_available,
    active_flag,
    creation_date,
    created_by,
    last_update_date,
    last_updated_by,
    equipment,
    notes,
    floor,
    department,
    bookable_by
) VALUES ( 10,
           'DESK_08',
           'Library Desk 8',
           'Library',
           1,
           'Desk',
           1,
           'Y',
           TO_DATE('28-OCT-25', 'DD-MON-RR'),
           'NCIPROJECT',
           TO_DATE('06-DEC-25', 'DD-MON-RR'),
           'NCIPROJECT',
           'Power outlet',
           'Next to window.',
           'Floor 1',
           'Library',
           'Staff:Student' );

INSERT INTO nciproject.resources (
    resource_id,
    code,
    name,
    location,
    capacity,
    resource_type,
    resource_available,
    active_flag,
    creation_date,
    created_by,
    last_update_date,
    last_updated_by,
    equipment,
    notes,
    floor,
    department,
    bookable_by
) VALUES ( 11,
           'DESK_09',
           'Library Desk 9',
           'Library',
           1,
           'Desk',
           1,
           'Y',
           TO_DATE('28-OCT-25', 'DD-MON-RR'),
           'NCIPROJECT',
           TO_DATE('06-DEC-25', 'DD-MON-RR'),
           'NCIPROJECT',
           'Power outlet,Lamp',
           'Near bookshelf.',
           'Floor 1',
           'Library',
           'Staff:Student' );

INSERT INTO nciproject.resources (
    resource_id,
    code,
    name,
    location,
    capacity,
    resource_type,
    resource_available,
    active_flag,
    creation_date,
    created_by,
    last_update_date,
    last_updated_by,
    equipment,
    notes,
    floor,
    department,
    bookable_by
) VALUES ( 12,
           'DESK_10',
           'Library Desk 10',
           'Library',
           1,
           'Desk',
           1,
           'Y',
           TO_DATE('28-OCT-25', 'DD-MON-RR'),
           'NCIPROJECT',
           TO_DATE('06-DEC-25', 'DD-MON-RR'),
           'NCIPROJECT',
           'Lamp',
           'Quiet corner.',
           'Floor 1',
           'Library',
           'Staff:Student' );

INSERT INTO nciproject.resources (
    resource_id,
    code,
    name,
    location,
    capacity,
    resource_type,
    resource_available,
    active_flag,
    creation_date,
    created_by,
    last_update_date,
    last_updated_by,
    equipment,
    notes,
    floor,
    department,
    bookable_by
) VALUES ( 13,
           'DESK_11',
           'Library Desk 11',
           'Library',
           1,
           'Desk',
           1,
           'Y',
           TO_DATE('28-OCT-25', 'DD-MON-RR'),
           'NCIPROJECT',
           TO_DATE('06-DEC-25', 'DD-MON-RR'),
           'NCIPROJECT',
           'Power outlet',
           'Central area.',
           'Floor 1',
           'Library',
           'Staff:Student' );

INSERT INTO nciproject.resources (
    resource_id,
    code,
    name,
    location,
    capacity,
    resource_type,
    resource_available,
    active_flag,
    creation_date,
    created_by,
    last_update_date,
    last_updated_by,
    equipment,
    notes,
    floor,
    department,
    bookable_by
) VALUES ( 14,
           'DESK_12',
           'Library Desk 12',
           'Library',
           1,
           'Desk',
           1,
           'Y',
           TO_DATE('28-OCT-25', 'DD-MON-RR'),
           'NCIPROJECT',
           TO_DATE('06-DEC-25', 'DD-MON-RR'),
           'NCIPROJECT',
           'Power outlet,Lamp',
           'Next to window.',
           'Floor 1',
           'Library',
           'Staff:Student' );

INSERT INTO nciproject.resources (
    resource_id,
    code,
    name,
    location,
    capacity,
    resource_type,
    resource_available,
    active_flag,
    creation_date,
    created_by,
    last_update_date,
    last_updated_by,
    equipment,
    notes,
    floor,
    department,
    bookable_by
) VALUES ( 15,
           'DESK_13',
           'Library Desk 13',
           'Library',
           1,
           'Desk',
           1,
           'Y',
           TO_DATE('28-OCT-25', 'DD-MON-RR'),
           'NCIPROJECT',
           TO_DATE('06-DEC-25', 'DD-MON-RR'),
           'NCIPROJECT',
           'Lamp',
           'Near bookshelf.',
           'Floor 2',
           'Library',
           'Staff:Student' );

INSERT INTO nciproject.resources (
    resource_id,
    code,
    name,
    location,
    capacity,
    resource_type,
    resource_available,
    active_flag,
    creation_date,
    created_by,
    last_update_date,
    last_updated_by,
    equipment,
    notes,
    floor,
    department,
    bookable_by
) VALUES ( 16,
           'DESK_14',
           'Library Desk 14',
           'Library',
           1,
           'Desk',
           1,
           'Y',
           TO_DATE('28-OCT-25', 'DD-MON-RR'),
           'NCIPROJECT',
           TO_DATE('06-DEC-25', 'DD-MON-RR'),
           'NCIPROJECT',
           'Power outlet',
           'Quiet corner.',
           'Floor 2',
           'Library',
           'Staff:Student' );

INSERT INTO nciproject.resources (
    resource_id,
    code,
    name,
    location,
    capacity,
    resource_type,
    resource_available,
    active_flag,
    creation_date,
    created_by,
    last_update_date,
    last_updated_by,
    equipment,
    notes,
    floor,
    department,
    bookable_by
) VALUES ( 17,
           'DESK_15',
           'Library Desk 15',
           'Library',
           1,
           'Desk',
           1,
           'Y',
           TO_DATE('28-OCT-25', 'DD-MON-RR'),
           'NCIPROJECT',
           TO_DATE('06-DEC-25', 'DD-MON-RR'),
           'NCIPROJECT',
           'Power outlet,Lamp',
           'Central area.',
           'Floor 2',
           'Library',
           'Staff:Student' );

INSERT INTO nciproject.resources (
    resource_id,
    code,
    name,
    location,
    capacity,
    resource_type,
    resource_available,
    active_flag,
    creation_date,
    created_by,
    last_update_date,
    last_updated_by,
    equipment,
    notes,
    floor,
    department,
    bookable_by
) VALUES ( 18,
           'DESK_16',
           'Library Desk 16',
           'Library',
           1,
           'Desk',
           1,
           'Y',
           TO_DATE('28-OCT-25', 'DD-MON-RR'),
           'NCIPROJECT',
           TO_DATE('06-DEC-25', 'DD-MON-RR'),
           'NCIPROJECT',
           'Lamp',
           'Next to window.',
           'Floor 2',
           'Library',
           'Staff:Student' );

INSERT INTO nciproject.resources (
    resource_id,
    code,
    name,
    location,
    capacity,
    resource_type,
    resource_available,
    active_flag,
    creation_date,
    created_by,
    last_update_date,
    last_updated_by,
    equipment,
    notes,
    floor,
    department,
    bookable_by
) VALUES ( 19,
           'DESK_17',
           'Library Desk 17',
           'Library',
           1,
           'Desk',
           1,
           'Y',
           TO_DATE('28-OCT-25', 'DD-MON-RR'),
           'NCIPROJECT',
           TO_DATE('06-DEC-25', 'DD-MON-RR'),
           'NCIPROJECT',
           'Power outlet',
           'Near bookshelf.',
           'Floor 2',
           'Library',
           'Staff:Student' );

INSERT INTO nciproject.resources (
    resource_id,
    code,
    name,
    location,
    capacity,
    resource_type,
    resource_available,
    active_flag,
    creation_date,
    created_by,
    last_update_date,
    last_updated_by,
    equipment,
    notes,
    floor,
    department,
    bookable_by
) VALUES ( 20,
           'DESK_18',
           'Library Desk 18',
           'Library',
           1,
           'Desk',
           1,
           'Y',
           TO_DATE('28-OCT-25', 'DD-MON-RR'),
           'NCIPROJECT',
           TO_DATE('06-DEC-25', 'DD-MON-RR'),
           'NCIPROJECT',
           'Power outlet,Lamp',
           'Quiet corner.',
           'Floor 2',
           'Library',
           'Staff:Student' );

INSERT INTO nciproject.resources (
    resource_id,
    code,
    name,
    location,
    capacity,
    resource_type,
    resource_available,
    active_flag,
    creation_date,
    created_by,
    last_update_date,
    last_updated_by,
    equipment,
    notes,
    floor,
    department,
    bookable_by
) VALUES ( 21,
           'DESK_19',
           'Library Desk 19',
           'Library',
           1,
           'Desk',
           1,
           'Y',
           TO_DATE('28-OCT-25', 'DD-MON-RR'),
           'NCIPROJECT',
           TO_DATE('06-DEC-25', 'DD-MON-RR'),
           'NCIPROJECT',
           'Lamp',
           'Central area.',
           'Floor 2',
           'Library',
           'Staff:Student' );

INSERT INTO nciproject.resources (
    resource_id,
    code,
    name,
    location,
    capacity,
    resource_type,
    resource_available,
    active_flag,
    creation_date,
    created_by,
    last_update_date,
    last_updated_by,
    equipment,
    notes,
    floor,
    department,
    bookable_by
) VALUES ( 22,
           'DESK_20',
           'Library Desk 20',
           'Library',
           1,
           'Desk',
           1,
           'Y',
           TO_DATE('28-OCT-25', 'DD-MON-RR'),
           'NCIPROJECT',
           TO_DATE('06-DEC-25', 'DD-MON-RR'),
           'NCIPROJECT',
           'Power outlet',
           'Next to window.',
           'Floor 2',
           'Library',
           'Staff:Student' );

INSERT INTO nciproject.resources (
    resource_id,
    code,
    name,
    location,
    capacity,
    resource_type,
    resource_available,
    active_flag,
    creation_date,
    created_by,
    last_update_date,
    last_updated_by,
    equipment,
    notes,
    floor,
    department,
    bookable_by
) VALUES ( 23,
           'DESK_21',
           'Library Desk 21',
           'Library',
           1,
           'Desk',
           1,
           'Y',
           TO_DATE('28-OCT-25', 'DD-MON-RR'),
           'NCIPROJECT',
           TO_DATE('06-DEC-25', 'DD-MON-RR'),
           'NCIPROJECT',
           'Power outlet,Lamp',
           'Near bookshelf.',
           'Floor 2',
           'Library',
           'Staff:Student' );

INSERT INTO nciproject.resources (
    resource_id,
    code,
    name,
    location,
    capacity,
    resource_type,
    resource_available,
    active_flag,
    creation_date,
    created_by,
    last_update_date,
    last_updated_by,
    equipment,
    notes,
    floor,
    department,
    bookable_by
) VALUES ( 24,
           'DESK_22',
           'Library Desk 22',
           'Library',
           1,
           'Desk',
           1,
           'Y',
           TO_DATE('28-OCT-25', 'DD-MON-RR'),
           'NCIPROJECT',
           TO_DATE('06-DEC-25', 'DD-MON-RR'),
           'NCIPROJECT',
           'Lamp',
           'Quiet corner.',
           'Floor 2',
           'Library',
           'Staff:Student' );

INSERT INTO nciproject.resources (
    resource_id,
    code,
    name,
    location,
    capacity,
    resource_type,
    resource_available,
    active_flag,
    creation_date,
    created_by,
    last_update_date,
    last_updated_by,
    equipment,
    notes,
    floor,
    department,
    bookable_by
) VALUES ( 25,
           'DESK_23',
           'Library Desk 23',
           'Library',
           1,
           'Desk',
           1,
           'N',
           TO_DATE('28-OCT-25', 'DD-MON-RR'),
           'NCIPROJECT',
           TO_DATE('07-DEC-25', 'DD-MON-RR'),
           '102736082961271705232 (GOOGLE)',
           'Power outlet',
           'Central area.',
           'Floor 2',
           'Library',
           'Staff:Student' );

INSERT INTO nciproject.resources (
    resource_id,
    code,
    name,
    location,
    capacity,
    resource_type,
    resource_available,
    active_flag,
    creation_date,
    created_by,
    last_update_date,
    last_updated_by,
    equipment,
    notes,
    floor,
    department,
    bookable_by
) VALUES ( 26,
           'DESK_24',
           'Library Desk 24',
           'Library',
           1,
           'Desk',
           1,
           'Y',
           TO_DATE('28-OCT-25', 'DD-MON-RR'),
           'NCIPROJECT',
           TO_DATE('06-DEC-25', 'DD-MON-RR'),
           'NCIPROJECT',
           'Power outlet,Lamp',
           'Next to window.',
           'Floor 2',
           'Library',
           'Staff:Student' );

INSERT INTO nciproject.resources (
    resource_id,
    code,
    name,
    location,
    capacity,
    resource_type,
    resource_available,
    active_flag,
    creation_date,
    created_by,
    last_update_date,
    last_updated_by,
    equipment,
    notes,
    floor,
    department,
    bookable_by
) VALUES ( 28,
           'CSMR.0.1',
           'Meeting Room',
           'Computer Science Dept',
           10,
           'Meeting Room',
           1,
           'Y',
           TO_DATE('05-DEC-25', 'DD-MON-RR'),
           'KOLEARY',
           TO_DATE('08-DEC-25', 'DD-MON-RR'),
           'KOLEARY',
           'conference table, chairs, projector screen, videoconferencing, plugs',
           NULL,
           'Ground Floor',
           'Computer Science Dept',
           'Admin:Staff' );

INSERT INTO nciproject.resources (
    resource_id,
    code,
    name,
    location,
    capacity,
    resource_type,
    resource_available,
    active_flag,
    creation_date,
    created_by,
    last_update_date,
    last_updated_by,
    equipment,
    notes,
    floor,
    department,
    bookable_by
) VALUES ( 32,
           'EDMR1.2',
           'Meeting Room',
           'Engineering Building',
           6,
           'Meeting Room',
           1,
           'Y',
           TO_DATE('08-DEC-25', 'DD-MON-RR'),
           'KOLEARY',
           TO_DATE('08-DEC-25', 'DD-MON-RR'),
           'KOLEARY',
           NULL,
           NULL,
           'First Floor',
           'Engineering Dept',
           'Admin:Staff' );

INSERT INTO nciproject.resources (
    resource_id,
    code,
    name,
    location,
    capacity,
    resource_type,
    resource_available,
    active_flag,
    creation_date,
    created_by,
    last_update_date,
    last_updated_by,
    equipment,
    notes,
    floor,
    department,
    bookable_by
) VALUES ( 44,
           'HP 002',
           'Headphones',
           'Main desk',
           1,
           'Equipment',
           20,
           'Y',
           TO_DATE('08-DEC-25', 'DD-MON-RR'),
           'KOLEARY',
           TO_DATE('08-DEC-25', 'DD-MON-RR'),
           'KOLEARY',
           'Noise cancelling',
           NULL,
           'Ground Floor',
           'Library',
           'Student' );

INSERT INTO nciproject.resources (
    resource_id,
    code,
    name,
    location,
    capacity,
    resource_type,
    resource_available,
    active_flag,
    creation_date,
    created_by,
    last_update_date,
    last_updated_by,
    equipment,
    notes,
    floor,
    department,
    bookable_by
) VALUES ( 51,
           'CLD 4',
           'Computer Lab Desk 4',
           'Computer Lab',
           1,
           'Desk',
           1,
           'Y',
           TO_DATE('08-DEC-25', 'DD-MON-RR'),
           'KOLEARY',
           TO_DATE('08-DEC-25', 'DD-MON-RR'),
           'KOLEARY',
           'Apple OS',
           NULL,
           'Ground Floor',
           'Computer Science Dept',
           'Student' );

INSERT INTO nciproject.resources (
    resource_id,
    code,
    name,
    location,
    capacity,
    resource_type,
    resource_available,
    active_flag,
    creation_date,
    created_by,
    last_update_date,
    last_updated_by,
    equipment,
    notes,
    floor,
    department,
    bookable_by
) VALUES ( 56,
           'VT 001',
           'Voltage Tester',
           'Lab reception',
           1,
           'Equipment',
           4,
           'Y',
           TO_DATE('08-DEC-25', 'DD-MON-RR'),
           'KOLEARY',
           TO_DATE('08-DEC-25', 'DD-MON-RR'),
           'KOLEARY',
           NULL,
           NULL,
           'First Floor',
           'Engineering Dept',
           'Staff:Student' );
